name,type,value,date,
박병호,키움,1,2019-03-23,
박병호,키움,1,2019-03-24,
박병호,키움,1,2019-03-25,
박병호,키움,1,2019-03-26,
박병호,키움,1,2019-03-27,
박병호,키움,1,2019-03-28,
박병호,키움,1,2019-03-29,
박병호,키움,1,2019-03-30,
박병호,키움,2,2019-03-31,
박병호,키움,2,2019-04-01,
박병호,키움,2,2019-04-02,
박병호,키움,2,2019-04-03,
박병호,키움,2,2019-04-04,
박병호,키움,2,2019-04-05,
박병호,키움,2,2019-04-06,
박병호,키움,2,2019-04-07,
박병호,키움,2,2019-04-08,
박병호,키움,2,2019-04-09,
박병호,키움,3,2019-04-10,
박병호,키움,3,2019-04-11,
박병호,키움,3,2019-04-12,
박병호,키움,3,2019-04-13,
박병호,키움,3,2019-04-14,
박병호,키움,3,2019-04-15,
박병호,키움,3,2019-04-16,
박병호,키움,3,2019-04-17,
박병호,키움,3,2019-04-18,
박병호,키움,3,2019-04-19,
박병호,키움,3,2019-04-20,
박병호,키움,3,2019-04-21,
박병호,키움,3,2019-04-22,
박병호,키움,3,2019-04-23,
박병호,키움,3,2019-04-24,
박병호,키움,4,2019-04-25,
박병호,키움,4,2019-04-26,
박병호,키움,5,2019-04-27,
박병호,키움,6,2019-04-28,
박병호,키움,6,2019-04-29,
박병호,키움,7,2019-04-30,
박병호,키움,7,2019-05-01,
박병호,키움,7,2019-05-02,
박병호,키움,7,2019-05-03,
박병호,키움,7,2019-05-04,
박병호,키움,7,2019-05-05,
박병호,키움,7,2019-05-06,
박병호,키움,8,2019-05-07,
박병호,키움,9,2019-05-08,
박병호,키움,9,2019-05-09,
박병호,키움,9,2019-05-10,
박병호,키움,11,2019-05-11,
박병호,키움,11,2019-05-12,
박병호,키움,11,2019-05-13,
박병호,키움,11,2019-05-14,
박병호,키움,11,2019-05-15,
박병호,키움,11,2019-05-16,
박병호,키움,11,2019-05-17,
박병호,키움,11,2019-05-18,
박병호,키움,11,2019-05-19,
박병호,키움,11,2019-05-20,
박병호,키움,11,2019-05-21,
박병호,키움,11,2019-05-22,
박병호,키움,11,2019-05-23,
박병호,키움,12,2019-05-24,
박병호,키움,12,2019-05-25,
박병호,키움,12,2019-05-26,
박병호,키움,12,2019-05-27,
박병호,키움,12,2019-05-28,
박병호,키움,12,2019-05-29,
박병호,키움,12,2019-05-30,
박병호,키움,12,2019-05-31,
박병호,키움,12,2019-06-01,
박병호,키움,13,2019-06-02,
박병호,키움,13,2019-06-03,
박병호,키움,13,2019-06-04,
박병호,키움,13,2019-06-05,
박병호,키움,13,2019-06-06,
박병호,키움,13,2019-06-07,
박병호,키움,13,2019-06-08,
박병호,키움,13,2019-06-09,
박병호,키움,13,2019-06-10,
박병호,키움,13,2019-06-11,
박병호,키움,13,2019-06-12,
박병호,키움,13,2019-06-13,
박병호,키움,13,2019-06-14,
박병호,키움,13,2019-06-15,
박병호,키움,13,2019-06-16,
박병호,키움,13,2019-06-17,
박병호,키움,13,2019-06-18,
박병호,키움,13,2019-06-19,
박병호,키움,13,2019-06-20,
박병호,키움,13,2019-06-21,
박병호,키움,13,2019-06-22,
박병호,키움,13,2019-06-23,
박병호,키움,13,2019-06-24,
박병호,키움,14,2019-06-25,
박병호,키움,14,2019-06-26,
박병호,키움,15,2019-06-27,
박병호,키움,15,2019-06-28,
박병호,키움,15,2019-06-29,
박병호,키움,16,2019-06-30,
박병호,키움,16,2019-07-01,
박병호,키움,16,2019-07-02,
박병호,키움,16,2019-07-03,
박병호,키움,16,2019-07-04,
박병호,키움,17,2019-07-05,
박병호,키움,17,2019-07-06,
박병호,키움,17,2019-07-07,
박병호,키움,17,2019-07-08,
박병호,키움,17,2019-07-09,
박병호,키움,17,2019-07-10,
박병호,키움,17,2019-07-11,
박병호,키움,17,2019-07-12,
박병호,키움,17,2019-07-13,
박병호,키움,17,2019-07-14,
박병호,키움,17,2019-07-15,
박병호,키움,17,2019-07-16,
박병호,키움,17,2019-07-17,
박병호,키움,17,2019-07-18,
박병호,키움,17,2019-07-19,
박병호,키움,17,2019-07-20,
박병호,키움,17,2019-07-21,
박병호,키움,17,2019-07-22,
박병호,키움,17,2019-07-23,
박병호,키움,17,2019-07-24,
박병호,키움,17,2019-07-25,
박병호,키움,17,2019-07-26,
박병호,키움,17,2019-07-27,
박병호,키움,17,2019-07-28,
박병호,키움,17,2019-07-29,
박병호,키움,18,2019-07-30,
박병호,키움,18,2019-07-31,
박병호,키움,19,2019-08-01,
박병호,키움,19,2019-08-02,
박병호,키움,19,2019-08-03,
박병호,키움,19,2019-08-04,
박병호,키움,19,2019-08-05,
박병호,키움,19,2019-08-06,
박병호,키움,20,2019-08-07,
박병호,키움,20,2019-08-08,
박병호,키움,20,2019-08-09,
박병호,키움,20,2019-08-10,
박병호,키움,22,2019-08-11,
박병호,키움,22,2019-08-12,
박병호,키움,22,2019-08-13,
박병호,키움,22,2019-08-14,
박병호,키움,22,2019-08-15,
박병호,키움,23,2019-08-16,
박병호,키움,23,2019-08-17,
박병호,키움,23,2019-08-18,
박병호,키움,23,2019-08-19,
박병호,키움,23,2019-08-20,
박병호,키움,24,2019-08-21,
박병호,키움,24,2019-08-22,
박병호,키움,24,2019-08-23,
박병호,키움,24,2019-08-24,
박병호,키움,24,2019-08-25,
박병호,키움,24,2019-08-26,
박병호,키움,28,2019-08-27,
박병호,키움,28,2019-08-28,
박병호,키움,28,2019-08-29,
박병호,키움,28,2019-08-30,
박병호,키움,29,2019-08-31,
박병호,키움,29,2019-09-01,
박병호,키움,29,2019-09-02,
박병호,키움,30,2019-09-03,
박병호,키움,30,2019-09-04,
박병호,키움,30,2019-09-05,
박병호,키움,30,2019-09-06,
박병호,키움,30,2019-09-07,
박병호,키움,31,2019-09-08,
박병호,키움,31,2019-09-09,
박병호,키움,31,2019-09-10,
박병호,키움,31,2019-09-11,
박병호,키움,31,2019-09-12,
박병호,키움,31,2019-09-13,
박병호,키움,32,2019-09-14,
박병호,키움,32,2019-09-15,
박병호,키움,33,2019-09-16,
박병호,키움,33,2019-09-17,
박병호,키움,33,2019-09-18,
박병호,키움,33,2019-09-19,
박병호,키움,33,2019-09-20,
박병호,키움,33,2019-09-21,
박병호,키움,33,2019-09-22,
박병호,키움,33,2019-09-23,
박병호,키움,33,2019-09-24,
박병호,키움,33,2019-09-25,
박병호,키움,33,2019-09-26,
박병호,키움,33,2019-09-27,
박병호,키움,33,2019-09-28,
박병호,키움,33,2019-09-29,
박병호,키움,33,2019-09-30,
박병호,키움,33,2019-10-01,
로맥,SK,1,2019-03-23,
로맥,SK,1,2019-03-24,
로맥,SK,1,2019-03-25,
로맥,SK,1,2019-03-26,
로맥,SK,1,2019-03-27,
로맥,SK,1,2019-03-28,
로맥,SK,1,2019-03-29,
로맥,SK,1,2019-03-30,
로맥,SK,1,2019-03-31,
로맥,SK,1,2019-04-01,
로맥,SK,1,2019-04-02,
로맥,SK,1,2019-04-03,
로맥,SK,1,2019-04-04,
로맥,SK,1,2019-04-05,
로맥,SK,1,2019-04-06,
로맥,SK,1,2019-04-07,
로맥,SK,1,2019-04-08,
로맥,SK,1,2019-04-09,
로맥,SK,2,2019-04-10,
로맥,SK,2,2019-04-11,
로맥,SK,2,2019-04-12,
로맥,SK,2,2019-04-13,
로맥,SK,2,2019-04-14,
로맥,SK,2,2019-04-15,
로맥,SK,2,2019-04-16,
로맥,SK,2,2019-04-17,
로맥,SK,2,2019-04-18,
로맥,SK,2,2019-04-19,
로맥,SK,3,2019-04-20,
로맥,SK,3,2019-04-21,
로맥,SK,3,2019-04-22,
로맥,SK,3,2019-04-23,
로맥,SK,4,2019-04-24,
로맥,SK,4,2019-04-25,
로맥,SK,4,2019-04-26,
로맥,SK,5,2019-04-27,
로맥,SK,5,2019-04-28,
로맥,SK,5,2019-04-29,
로맥,SK,5,2019-04-30,
로맥,SK,5,2019-05-01,
로맥,SK,5,2019-05-02,
로맥,SK,6,2019-05-03,
로맥,SK,7,2019-05-04,
로맥,SK,7,2019-05-05,
로맥,SK,7,2019-05-06,
로맥,SK,7,2019-05-07,
로맥,SK,7,2019-05-08,
로맥,SK,7,2019-05-09,
로맥,SK,7,2019-05-10,
로맥,SK,8,2019-05-11,
로맥,SK,9,2019-05-12,
로맥,SK,9,2019-05-13,
로맥,SK,9,2019-05-14,
로맥,SK,9,2019-05-15,
로맥,SK,9,2019-05-16,
로맥,SK,9,2019-05-17,
로맥,SK,9,2019-05-18,
로맥,SK,9,2019-05-19,
로맥,SK,9,2019-05-20,
로맥,SK,9,2019-05-21,
로맥,SK,9,2019-05-22,
로맥,SK,9,2019-05-23,
로맥,SK,9,2019-05-24,
로맥,SK,11,2019-05-25,
로맥,SK,12,2019-05-26,
로맥,SK,12,2019-05-27,
로맥,SK,12,2019-05-28,
로맥,SK,12,2019-05-29,
로맥,SK,12,2019-05-30,
로맥,SK,12,2019-05-31,
로맥,SK,12,2019-06-01,
로맥,SK,12,2019-06-02,
로맥,SK,12,2019-06-03,
로맥,SK,12,2019-06-04,
로맥,SK,13,2019-06-05,
로맥,SK,13,2019-06-06,
로맥,SK,13,2019-06-07,
로맥,SK,14,2019-06-08,
로맥,SK,14,2019-06-09,
로맥,SK,14,2019-06-10,
로맥,SK,15,2019-06-11,
로맥,SK,15,2019-06-12,
로맥,SK,15,2019-06-13,
로맥,SK,15,2019-06-14,
로맥,SK,15,2019-06-15,
로맥,SK,15,2019-06-16,
로맥,SK,15,2019-06-17,
로맥,SK,15,2019-06-18,
로맥,SK,15,2019-06-19,
로맥,SK,15,2019-06-20,
로맥,SK,16,2019-06-21,
로맥,SK,16,2019-06-22,
로맥,SK,16,2019-06-23,
로맥,SK,16,2019-06-24,
로맥,SK,16,2019-06-25,
로맥,SK,16,2019-06-26,
로맥,SK,16,2019-06-27,
로맥,SK,16,2019-06-28,
로맥,SK,16,2019-06-29,
로맥,SK,16,2019-06-30,
로맥,SK,16,2019-07-01,
로맥,SK,17,2019-07-02,
로맥,SK,18,2019-07-03,
로맥,SK,19,2019-07-04,
로맥,SK,20,2019-07-05,
로맥,SK,20,2019-07-06,
로맥,SK,20,2019-07-07,
로맥,SK,20,2019-07-08,
로맥,SK,20,2019-07-09,
로맥,SK,20,2019-07-10,
로맥,SK,20,2019-07-11,
로맥,SK,20,2019-07-12,
로맥,SK,20,2019-07-13,
로맥,SK,20,2019-07-14,
로맥,SK,20,2019-07-15,
로맥,SK,20,2019-07-16,
로맥,SK,20,2019-07-17,
로맥,SK,21,2019-07-18,
로맥,SK,21,2019-07-19,
로맥,SK,21,2019-07-20,
로맥,SK,21,2019-07-21,
로맥,SK,21,2019-07-22,
로맥,SK,21,2019-07-23,
로맥,SK,21,2019-07-24,
로맥,SK,21,2019-07-25,
로맥,SK,22,2019-07-26,
로맥,SK,22,2019-07-27,
로맥,SK,22,2019-07-28,
로맥,SK,22,2019-07-29,
로맥,SK,22,2019-07-30,
로맥,SK,22,2019-07-31,
로맥,SK,23,2019-08-01,
로맥,SK,23,2019-08-02,
로맥,SK,23,2019-08-03,
로맥,SK,23,2019-08-04,
로맥,SK,23,2019-08-05,
로맥,SK,23,2019-08-06,
로맥,SK,23,2019-08-07,
로맥,SK,23,2019-08-08,
로맥,SK,23,2019-08-09,
로맥,SK,23,2019-08-10,
로맥,SK,23,2019-08-11,
로맥,SK,23,2019-08-12,
로맥,SK,23,2019-08-13,
로맥,SK,23,2019-08-14,
로맥,SK,23,2019-08-15,
로맥,SK,23,2019-08-16,
로맥,SK,23,2019-08-17,
로맥,SK,23,2019-08-18,
로맥,SK,23,2019-08-19,
로맥,SK,23,2019-08-20,
로맥,SK,23,2019-08-21,
로맥,SK,23,2019-08-22,
로맥,SK,23,2019-08-23,
로맥,SK,23,2019-08-24,
로맥,SK,23,2019-08-25,
로맥,SK,23,2019-08-26,
로맥,SK,23,2019-08-27,
로맥,SK,23,2019-08-28,
로맥,SK,23,2019-08-29,
로맥,SK,23,2019-08-30,
로맥,SK,23,2019-08-31,
로맥,SK,23,2019-09-01,
로맥,SK,23,2019-09-02,
로맥,SK,23,2019-09-03,
로맥,SK,23,2019-09-04,
로맥,SK,23,2019-09-05,
로맥,SK,23,2019-09-06,
로맥,SK,23,2019-09-07,
로맥,SK,23,2019-09-08,
로맥,SK,23,2019-09-09,
로맥,SK,23,2019-09-10,
로맥,SK,24,2019-09-11,
로맥,SK,24,2019-09-12,
로맥,SK,24,2019-09-13,
로맥,SK,24,2019-09-14,
로맥,SK,24,2019-09-15,
로맥,SK,24,2019-09-16,
로맥,SK,24,2019-09-17,
로맥,SK,24,2019-09-18,
로맥,SK,26,2019-09-19,
로맥,SK,26,2019-09-20,
로맥,SK,26,2019-09-21,
로맥,SK,26,2019-09-22,
로맥,SK,26,2019-09-23,
로맥,SK,26,2019-09-24,
로맥,SK,26,2019-09-25,
로맥,SK,26,2019-09-26,
로맥,SK,26,2019-09-27,
로맥,SK,27,2019-09-28,
로맥,SK,29,2019-09-29,
로맥,SK,29,2019-09-30,
로맥,SK,29,2019-10-01,
최정,SK,0,2019-03-23,
최정,SK,0,2019-03-24,
최정,SK,0,2019-03-25,
최정,SK,0,2019-03-26,
최정,SK,0,2019-03-27,
최정,SK,0,2019-03-28,
최정,SK,0,2019-03-29,
최정,SK,0,2019-03-30,
최정,SK,1,2019-03-31,1
최정,SK,1,2019-04-01,
최정,SK,1,2019-04-02,
최정,SK,1,2019-04-03,
최정,SK,1,2019-04-04,
최정,SK,1,2019-04-05,
최정,SK,1,2019-04-06,
최정,SK,2,2019-04-07,1
최정,SK,2,2019-04-08,
최정,SK,2,2019-04-09,
최정,SK,2,2019-04-10,
최정,SK,2,2019-04-11,
최정,SK,2,2019-04-12,
최정,SK,3,2019-04-13,1
최정,SK,3,2019-04-14,
최정,SK,3,2019-04-15,
최정,SK,3,2019-04-16,
최정,SK,3,2019-04-17,
최정,SK,3,2019-04-18,
최정,SK,3,2019-04-19,
최정,SK,4,2019-04-20,1
최정,SK,4,2019-04-21,
최정,SK,4,2019-04-22,
최정,SK,4,2019-04-23,
최정,SK,5,2019-04-24,1
최정,SK,5,2019-04-25,
최정,SK,5,2019-04-26,
최정,SK,5,2019-04-27,
최정,SK,5,2019-04-28,
최정,SK,5,2019-04-29,
최정,SK,5,2019-04-30,
최정,SK,5,2019-05-01,
최정,SK,6,2019-05-02,1
최정,SK,6,2019-05-03,
최정,SK,6,2019-05-04,
최정,SK,7,2019-05-05,1
최정,SK,7,2019-05-06,
최정,SK,9,2019-05-07,2
최정,SK,9,2019-05-08,
최정,SK,9,2019-05-09,
최정,SK,9,2019-05-10,
최정,SK,9,2019-05-11,
최정,SK,10,2019-05-12,1
최정,SK,10,2019-05-13,
최정,SK,10,2019-05-14,
최정,SK,10,2019-05-15,
최정,SK,10,2019-05-16,
최정,SK,10,2019-05-17,
최정,SK,10,2019-05-18,
최정,SK,10,2019-05-19,
최정,SK,10,2019-05-20,
최정,SK,10,2019-05-21,
최정,SK,10,2019-05-22,
최정,SK,10,2019-05-23,
최정,SK,10,2019-05-24,
최정,SK,10,2019-05-25,
최정,SK,10,2019-05-26,
최정,SK,10,2019-05-27,
최정,SK,10,2019-05-28,
최정,SK,10,2019-05-29,
최정,SK,10,2019-05-30,
최정,SK,10,2019-05-31,
최정,SK,10,2019-06-01,
최정,SK,12,2019-06-02,2
최정,SK,12,2019-06-03,
최정,SK,12,2019-06-04,
최정,SK,12,2019-06-05,
최정,SK,12,2019-06-06,
최정,SK,13,2019-06-07,1
최정,SK,14,2019-06-08,1
최정,SK,14,2019-06-09,
최정,SK,14,2019-06-10,
최정,SK,14,2019-06-11,
최정,SK,15,2019-06-12,1
최정,SK,15,2019-06-13,
최정,SK,15,2019-06-14,
최정,SK,15,2019-06-15,
최정,SK,15,2019-06-16,
최정,SK,15,2019-06-17,
최정,SK,15,2019-06-18,
최정,SK,15,2019-06-19,
최정,SK,15,2019-06-20,
최정,SK,16,2019-06-21,1
최정,SK,17,2019-06-22,1
최정,SK,18,2019-06-23,1
최정,SK,18,2019-06-24,
최정,SK,20,2019-06-25,2
최정,SK,20,2019-06-26,
최정,SK,20,2019-06-27,
최정,SK,20,2019-06-28,
최정,SK,20,2019-06-29,
최정,SK,20,2019-06-30,
최정,SK,20,2019-07-01,
최정,SK,20,2019-07-02,
최정,SK,20,2019-07-03,
최정,SK,20,2019-07-04,
최정,SK,20,2019-07-05,
최정,SK,20,2019-07-06,
최정,SK,20,2019-07-07,
최정,SK,20,2019-07-08,
최정,SK,20,2019-07-09,
최정,SK,20,2019-07-10,
최정,SK,20,2019-07-11,
최정,SK,20,2019-07-12,
최정,SK,20,2019-07-13,
최정,SK,20,2019-07-14,
최정,SK,20,2019-07-15,
최정,SK,21,2019-07-16,1
최정,SK,22,2019-07-17,1
최정,SK,22,2019-07-18,
최정,SK,22,2019-07-19,
최정,SK,22,2019-07-20,
최정,SK,22,2019-07-21,
최정,SK,22,2019-07-22,
최정,SK,22,2019-07-23,
최정,SK,22,2019-07-24,
최정,SK,22,2019-07-25,
최정,SK,22,2019-07-26,
최정,SK,22,2019-07-27,
최정,SK,22,2019-07-28,
최정,SK,22,2019-07-29,
최정,SK,22,2019-07-30,
최정,SK,22,2019-07-31,
최정,SK,22,2019-08-01,
최정,SK,22,2019-08-02,
최정,SK,22,2019-08-03,
최정,SK,22,2019-08-04,
최정,SK,22,2019-08-05,
최정,SK,22,2019-08-06,
최정,SK,22,2019-08-07,
최정,SK,22,2019-08-08,
최정,SK,22,2019-08-09,
최정,SK,22,2019-08-10,
최정,SK,22,2019-08-11,
최정,SK,22,2019-08-12,
최정,SK,22,2019-08-13,
최정,SK,22,2019-08-14,
최정,SK,22,2019-08-15,
최정,SK,22,2019-08-16,
최정,SK,22,2019-08-17,
최정,SK,22,2019-08-18,
최정,SK,22,2019-08-19,
최정,SK,23,2019-08-20,1
최정,SK,23,2019-08-21,
최정,SK,23,2019-08-22,
최정,SK,24,2019-08-23,1
최정,SK,24,2019-08-24,
최정,SK,24,2019-08-25,
최정,SK,24,2019-08-26,
최정,SK,24,2019-08-27,
최정,SK,24,2019-08-28,
최정,SK,24,2019-08-29,
최정,SK,24,2019-08-30,
최정,SK,24,2019-08-31,
최정,SK,25,2019-09-01,1
최정,SK,25,2019-09-02,
최정,SK,26,2019-09-03,1
최정,SK,26,2019-09-04,
최정,SK,26,2019-09-05,
최정,SK,26,2019-09-06,
최정,SK,26,2019-09-07,
최정,SK,26,2019-09-08,
최정,SK,26,2019-09-09,
최정,SK,26,2019-09-10,
최정,SK,26,2019-09-11,
최정,SK,26,2019-09-12,
최정,SK,26,2019-09-13,
최정,SK,26,2019-09-14,
최정,SK,28,2019-09-15,2
최정,SK,28,2019-09-16,
최정,SK,28,2019-09-17,
최정,SK,28,2019-09-18,
최정,SK,28,2019-09-19,
최정,SK,28,2019-09-20,
최정,SK,28,2019-09-21,
최정,SK,28,2019-09-22,
최정,SK,28,2019-09-23,
최정,SK,28,2019-09-24,
최정,SK,28,2019-09-25,
최정,SK,28,2019-09-26,
최정,SK,29,2019-09-27,1
최정,SK,29,2019-09-28,
최정,SK,29,2019-09-29,
최정,SK,29,2019-09-30,
최정,SK,29,2019-10-01,
샌즈,키움,0,2019-03-23,
샌즈,키움,0,2019-03-24,
샌즈,키움,0,2019-03-25,
샌즈,키움,0,2019-03-26,
샌즈,키움,0,2019-03-27,
샌즈,키움,0,2019-03-28,
샌즈,키움,0,2019-03-29,
샌즈,키움,0,2019-03-30,
샌즈,키움,0,2019-03-31,
샌즈,키움,0,2019-04-01,
샌즈,키움,0,2019-04-02,
샌즈,키움,0,2019-04-03,
샌즈,키움,0,2019-04-04,
샌즈,키움,0,2019-04-05,
샌즈,키움,0,2019-04-06,
샌즈,키움,0,2019-04-07,
샌즈,키움,0,2019-04-08,
샌즈,키움,1,2019-04-09,1
샌즈,키움,1,2019-04-10,
샌즈,키움,2,2019-04-11,1
샌즈,키움,2,2019-04-12,
샌즈,키움,2,2019-04-13,
샌즈,키움,2,2019-04-14,
샌즈,키움,2,2019-04-15,
샌즈,키움,2,2019-04-16,
샌즈,키움,2,2019-04-17,
샌즈,키움,2,2019-04-18,
샌즈,키움,2,2019-04-19,
샌즈,키움,2,2019-04-20,
샌즈,키움,2,2019-04-21,
샌즈,키움,2,2019-04-22,
샌즈,키움,2,2019-04-23,
샌즈,키움,3,2019-04-24,1
샌즈,키움,3,2019-04-25,
샌즈,키움,3,2019-04-26,
샌즈,키움,3,2019-04-27,
샌즈,키움,3,2019-04-28,
샌즈,키움,3,2019-04-29,
샌즈,키움,4,2019-04-30,1
샌즈,키움,4,2019-05-01,
샌즈,키움,5,2019-05-02,1
샌즈,키움,5,2019-05-03,
샌즈,키움,5,2019-05-04,
샌즈,키움,5,2019-05-05,
샌즈,키움,5,2019-05-06,
샌즈,키움,5,2019-05-07,
샌즈,키움,5,2019-05-08,
샌즈,키움,5,2019-05-09,
샌즈,키움,5,2019-05-10,
샌즈,키움,5,2019-05-11,
샌즈,키움,5,2019-05-12,
샌즈,키움,5,2019-05-13,
샌즈,키움,5,2019-05-14,
샌즈,키움,5,2019-05-15,
샌즈,키움,5,2019-05-16,
샌즈,키움,5,2019-05-17,
샌즈,키움,6,2019-05-18,1
샌즈,키움,6,2019-05-19,
샌즈,키움,6,2019-05-20,
샌즈,키움,6,2019-05-21,
샌즈,키움,6,2019-05-22,
샌즈,키움,6,2019-05-23,
샌즈,키움,8,2019-05-24,2
샌즈,키움,8,2019-05-25,
샌즈,키움,8,2019-05-26,
샌즈,키움,8,2019-05-27,
샌즈,키움,9,2019-05-28,1
샌즈,키움,10,2019-05-29,1
샌즈,키움,10,2019-05-30,
샌즈,키움,10,2019-05-31,
샌즈,키움,10,2019-06-01,
샌즈,키움,10,2019-06-02,
샌즈,키움,10,2019-06-03,
샌즈,키움,10,2019-06-04,
샌즈,키움,10,2019-06-05,
샌즈,키움,10,2019-06-06,
샌즈,키움,10,2019-06-07,
샌즈,키움,10,2019-06-08,
샌즈,키움,10,2019-06-09,
샌즈,키움,10,2019-06-10,
샌즈,키움,10,2019-06-11,
샌즈,키움,10,2019-06-12,
샌즈,키움,10,2019-06-13,
샌즈,키움,11,2019-06-14,1
샌즈,키움,12,2019-06-15,1
샌즈,키움,12,2019-06-16,
샌즈,키움,12,2019-06-17,
샌즈,키움,12,2019-06-18,
샌즈,키움,12,2019-06-19,
샌즈,키움,13,2019-06-20,1
샌즈,키움,13,2019-06-21,
샌즈,키움,13,2019-06-22,
샌즈,키움,14,2019-06-23,1
샌즈,키움,14,2019-06-24,
샌즈,키움,14,2019-06-25,
샌즈,키움,14,2019-06-26,
샌즈,키움,14,2019-06-27,
샌즈,키움,14,2019-06-28,
샌즈,키움,14,2019-06-29,
샌즈,키움,15,2019-06-30,1
샌즈,키움,15,2019-07-01,
샌즈,키움,15,2019-07-02,
샌즈,키움,16,2019-07-03,1
샌즈,키움,16,2019-07-04,
샌즈,키움,16,2019-07-05,
샌즈,키움,16,2019-07-06,
샌즈,키움,16,2019-07-07,
샌즈,키움,16,2019-07-08,
샌즈,키움,17,2019-07-09,1
샌즈,키움,17,2019-07-10,
샌즈,키움,17,2019-07-11,
샌즈,키움,18,2019-07-12,1
샌즈,키움,18,2019-07-13,
샌즈,키움,19,2019-07-14,1
샌즈,키움,19,2019-07-15,
샌즈,키움,19,2019-07-16,
샌즈,키움,20,2019-07-17,1
샌즈,키움,20,2019-07-18,
샌즈,키움,20,2019-07-19,
샌즈,키움,20,2019-07-20,
샌즈,키움,20,2019-07-21,
샌즈,키움,20,2019-07-22,
샌즈,키움,20,2019-07-23,
샌즈,키움,20,2019-07-24,
샌즈,키움,20,2019-07-25,
샌즈,키움,20,2019-07-26,
샌즈,키움,20,2019-07-27,
샌즈,키움,20,2019-07-28,
샌즈,키움,20,2019-07-29,
샌즈,키움,21,2019-07-30,1
샌즈,키움,21,2019-07-31,
샌즈,키움,21,2019-08-01,
샌즈,키움,21,2019-08-02,
샌즈,키움,21,2019-08-03,
샌즈,키움,21,2019-08-04,
샌즈,키움,21,2019-08-05,
샌즈,키움,21,2019-08-06,
샌즈,키움,21,2019-08-07,
샌즈,키움,21,2019-08-08,
샌즈,키움,21,2019-08-09,
샌즈,키움,21,2019-08-10,
샌즈,키움,21,2019-08-11,
샌즈,키움,21,2019-08-12,
샌즈,키움,22,2019-08-13,1
샌즈,키움,24,2019-08-14,2
샌즈,키움,24,2019-08-15,
샌즈,키움,24,2019-08-16,
샌즈,키움,25,2019-08-17,1
샌즈,키움,25,2019-08-18,
샌즈,키움,25,2019-08-19,
샌즈,키움,25,2019-08-20,
샌즈,키움,26,2019-08-21,1
샌즈,키움,26,2019-08-22,
샌즈,키움,26,2019-08-23,
샌즈,키움,26,2019-08-24,
샌즈,키움,26,2019-08-25,
샌즈,키움,26,2019-08-26,
샌즈,키움,26,2019-08-27,
샌즈,키움,26,2019-08-28,
샌즈,키움,26,2019-08-29,
샌즈,키움,27,2019-08-30,1
샌즈,키움,27,2019-08-31,
샌즈,키움,27,2019-09-01,
샌즈,키움,27,2019-09-02,
샌즈,키움,27,2019-09-03,
샌즈,키움,27,2019-09-04,
샌즈,키움,27,2019-09-05,
샌즈,키움,27,2019-09-06,
샌즈,키움,27,2019-09-07,
샌즈,키움,28,2019-09-08,1
샌즈,키움,28,2019-09-09,
샌즈,키움,28,2019-09-10,
샌즈,키움,28,2019-09-11,
샌즈,키움,28,2019-09-12,
샌즈,키움,28,2019-09-13,
샌즈,키움,28,2019-09-14,
샌즈,키움,28,2019-09-15,
샌즈,키움,28,2019-09-16,
샌즈,키움,28,2019-09-17,
샌즈,키움,28,2019-09-18,
샌즈,키움,28,2019-09-19,
샌즈,키움,28,2019-09-20,
샌즈,키움,28,2019-09-21,
샌즈,키움,28,2019-09-22,
샌즈,키움,28,2019-09-23,
샌즈,키움,28,2019-09-24,
샌즈,키움,28,2019-09-25,
샌즈,키움,28,2019-09-26,
샌즈,키움,28,2019-09-27,
샌즈,키움,28,2019-09-28,
샌즈,키움,28,2019-09-29,
샌즈,키움,28,2019-09-30,
샌즈,키움,28,2019-10-01,
로하스,KT,0,2019-03-23,
로하스,KT,0,2019-03-24,
로하스,KT,0,2019-03-25,
로하스,KT,0,2019-03-26,
로하스,KT,0,2019-03-27,
로하스,KT,0,2019-03-28,
로하스,KT,0,2019-03-29,
로하스,KT,0,2019-03-30,
로하스,KT,0,2019-03-31,
로하스,KT,0,2019-04-01,
로하스,KT,0,2019-04-02,
로하스,KT,0,2019-04-03,
로하스,KT,0,2019-04-04,
로하스,KT,0,2019-04-05,
로하스,KT,0,2019-04-06,
로하스,KT,0,2019-04-07,
로하스,KT,0,2019-04-08,
로하스,KT,1,2019-04-09,1
로하스,KT,1,2019-04-10,
로하스,KT,1,2019-04-11,
로하스,KT,1,2019-04-12,
로하스,KT,1,2019-04-13,
로하스,KT,1,2019-04-14,
로하스,KT,1,2019-04-15,
로하스,KT,1,2019-04-16,
로하스,KT,1,2019-04-17,
로하스,KT,1,2019-04-18,
로하스,KT,1,2019-04-19,
로하스,KT,2,2019-04-20,1
로하스,KT,3,2019-04-21,1
로하스,KT,3,2019-04-22,
로하스,KT,3,2019-04-23,
로하스,KT,3,2019-04-24,
로하스,KT,3,2019-04-25,
로하스,KT,3,2019-04-26,
로하스,KT,3,2019-04-27,
로하스,KT,3,2019-04-28,
로하스,KT,3,2019-04-29,
로하스,KT,4,2019-04-30,1
로하스,KT,4,2019-05-01,
로하스,KT,4,2019-05-02,
로하스,KT,5,2019-05-03,1
로하스,KT,5,2019-05-04,
로하스,KT,5,2019-05-05,
로하스,KT,5,2019-05-06,
로하스,KT,5,2019-05-07,
로하스,KT,5,2019-05-08,
로하스,KT,5,2019-05-09,
로하스,KT,5,2019-05-10,
로하스,KT,5,2019-05-11,
로하스,KT,6,2019-05-12,1
로하스,KT,6,2019-05-13,
로하스,KT,6,2019-05-14,
로하스,KT,6,2019-05-15,
로하스,KT,7,2019-05-16,1
로하스,KT,8,2019-05-17,1
로하스,KT,8,2019-05-18,
로하스,KT,8,2019-05-19,
로하스,KT,8,2019-05-20,
로하스,KT,8,2019-05-21,
로하스,KT,8,2019-05-22,
로하스,KT,8,2019-05-23,
로하스,KT,8,2019-05-24,
로하스,KT,8,2019-05-25,
로하스,KT,8,2019-05-26,
로하스,KT,8,2019-05-27,
로하스,KT,8,2019-05-28,
로하스,KT,8,2019-05-29,
로하스,KT,8,2019-05-30,
로하스,KT,8,2019-05-31,
로하스,KT,10,2019-06-01,2
로하스,KT,11,2019-06-02,1
로하스,KT,11,2019-06-03,
로하스,KT,11,2019-06-04,
로하스,KT,11,2019-06-05,
로하스,KT,11,2019-06-06,
로하스,KT,11,2019-06-07,
로하스,KT,11,2019-06-08,
로하스,KT,11,2019-06-09,
로하스,KT,11,2019-06-10,
로하스,KT,11,2019-06-11,
로하스,KT,11,2019-06-12,
로하스,KT,11,2019-06-13,
로하스,KT,11,2019-06-14,
로하스,KT,11,2019-06-15,
로하스,KT,11,2019-06-16,
로하스,KT,11,2019-06-17,
로하스,KT,11,2019-06-18,
로하스,KT,11,2019-06-19,
로하스,KT,11,2019-06-20,
로하스,KT,12,2019-06-21,1
로하스,KT,13,2019-06-22,1
로하스,KT,13,2019-06-23,
로하스,KT,13,2019-06-24,
로하스,KT,13,2019-06-25,
로하스,KT,13,2019-06-26,
로하스,KT,13,2019-06-27,
로하스,KT,14,2019-06-28,1
로하스,KT,15,2019-06-29,1
로하스,KT,15,2019-06-30,
로하스,KT,15,2019-07-01,
로하스,KT,15,2019-07-02,
로하스,KT,15,2019-07-03,
로하스,KT,15,2019-07-04,
로하스,KT,15,2019-07-05,
로하스,KT,16,2019-07-06,1
로하스,KT,16,2019-07-07,
로하스,KT,16,2019-07-08,
로하스,KT,16,2019-07-09,
로하스,KT,16,2019-07-10,
로하스,KT,16,2019-07-11,
로하스,KT,16,2019-07-12,
로하스,KT,16,2019-07-13,
로하스,KT,16,2019-07-14,
로하스,KT,16,2019-07-15,
로하스,KT,16,2019-07-16,
로하스,KT,16,2019-07-17,
로하스,KT,16,2019-07-18,
로하스,KT,16,2019-07-19,
로하스,KT,16,2019-07-20,
로하스,KT,16,2019-07-21,
로하스,KT,16,2019-07-22,
로하스,KT,16,2019-07-23,
로하스,KT,16,2019-07-24,
로하스,KT,16,2019-07-25,
로하스,KT,16,2019-07-26,
로하스,KT,16,2019-07-27,
로하스,KT,16,2019-07-28,
로하스,KT,16,2019-07-29,
로하스,KT,16,2019-07-30,
로하스,KT,16,2019-07-31,
로하스,KT,16,2019-08-01,
로하스,KT,16,2019-08-02,
로하스,KT,16,2019-08-03,
로하스,KT,16,2019-08-04,
로하스,KT,16,2019-08-05,
로하스,KT,17,2019-08-06,1
로하스,KT,18,2019-08-07,1
로하스,KT,18,2019-08-08,
로하스,KT,18,2019-08-09,
로하스,KT,18,2019-08-10,
로하스,KT,18,2019-08-11,
로하스,KT,18,2019-08-12,
로하스,KT,18,2019-08-13,
로하스,KT,18,2019-08-14,
로하스,KT,18,2019-08-15,
로하스,KT,18,2019-08-16,
로하스,KT,18,2019-08-17,
로하스,KT,18,2019-08-18,
로하스,KT,18,2019-08-19,
로하스,KT,18,2019-08-20,
로하스,KT,18,2019-08-21,
로하스,KT,18,2019-08-22,
로하스,KT,18,2019-08-23,
로하스,KT,20,2019-08-24,2
로하스,KT,20,2019-08-25,
로하스,KT,20,2019-08-26,
로하스,KT,20,2019-08-27,
로하스,KT,21,2019-08-28,1
로하스,KT,21,2019-08-29,
로하스,KT,21,2019-08-30,
로하스,KT,21,2019-08-31,
로하스,KT,21,2019-09-01,
로하스,KT,21,2019-09-02,
로하스,KT,21,2019-09-03,
로하스,KT,21,2019-09-04,
로하스,KT,21,2019-09-05,
로하스,KT,22,2019-09-06,1
로하스,KT,22,2019-09-07,
로하스,KT,22,2019-09-08,
로하스,KT,22,2019-09-09,
로하스,KT,22,2019-09-10,
로하스,KT,22,2019-09-11,
로하스,KT,22,2019-09-12,
로하스,KT,22,2019-09-13,
로하스,KT,22,2019-09-14,
로하스,KT,22,2019-09-15,
로하스,KT,22,2019-09-16,
로하스,KT,22,2019-09-17,
로하스,KT,22,2019-09-18,
로하스,KT,22,2019-09-19,
로하스,KT,23,2019-09-20,1
로하스,KT,23,2019-09-21,
로하스,KT,23,2019-09-22,
로하스,KT,23,2019-09-23,
로하스,KT,23,2019-09-24,
로하스,KT,23,2019-09-25,
로하스,KT,23,2019-09-26,
로하스,KT,23,2019-09-27,
로하스,KT,23,2019-09-28,
로하스,KT,24,2019-09-29,1
로하스,KT,24,2019-09-30,
로하스,KT,24,2019-10-01,
러프,삼성,0,2019-03-23,
러프,삼성,0,2019-03-24,
러프,삼성,0,2019-03-25,
러프,삼성,1,2019-03-26,1
러프,삼성,1,2019-03-27,
러프,삼성,1,2019-03-28,
러프,삼성,1,2019-03-29,
러프,삼성,1,2019-03-30,
러프,삼성,1,2019-03-31,
러프,삼성,1,2019-04-01,
러프,삼성,1,2019-04-02,
러프,삼성,1,2019-04-03,
러프,삼성,2,2019-04-04,1
러프,삼성,2,2019-04-05,
러프,삼성,2,2019-04-06,
러프,삼성,2,2019-04-07,
러프,삼성,2,2019-04-08,
러프,삼성,2,2019-04-09,
러프,삼성,2,2019-04-10,
러프,삼성,2,2019-04-11,
러프,삼성,2,2019-04-12,
러프,삼성,2,2019-04-13,
러프,삼성,3,2019-04-14,1
러프,삼성,3,2019-04-15,
러프,삼성,3,2019-04-16,
러프,삼성,3,2019-04-17,
러프,삼성,3,2019-04-18,
러프,삼성,3,2019-04-19,
러프,삼성,3,2019-04-20,
러프,삼성,4,2019-04-21,1
러프,삼성,4,2019-04-22,
러프,삼성,4,2019-04-23,
러프,삼성,4,2019-04-24,
러프,삼성,4,2019-04-25,
러프,삼성,4,2019-04-26,
러프,삼성,4,2019-04-27,
러프,삼성,4,2019-04-28,
러프,삼성,4,2019-04-29,
러프,삼성,4,2019-04-30,
러프,삼성,4,2019-05-01,
러프,삼성,4,2019-05-02,
러프,삼성,4,2019-05-03,
러프,삼성,4,2019-05-04,
러프,삼성,4,2019-05-05,
러프,삼성,4,2019-05-06,
러프,삼성,4,2019-05-07,
러프,삼성,5,2019-05-08,1
러프,삼성,6,2019-05-09,1
러프,삼성,6,2019-05-10,
러프,삼성,6,2019-05-11,
러프,삼성,6,2019-05-12,
러프,삼성,6,2019-05-13,
러프,삼성,6,2019-05-14,
러프,삼성,6,2019-05-15,
러프,삼성,6,2019-05-16,
러프,삼성,6,2019-05-17,
러프,삼성,6,2019-05-18,
러프,삼성,6,2019-05-19,
러프,삼성,6,2019-05-20,
러프,삼성,6,2019-05-21,
러프,삼성,6,2019-05-22,
러프,삼성,6,2019-05-23,
러프,삼성,6,2019-05-24,
러프,삼성,6,2019-05-25,
러프,삼성,6,2019-05-26,
러프,삼성,6,2019-05-27,
러프,삼성,6,2019-05-28,
러프,삼성,6,2019-05-29,
러프,삼성,6,2019-05-30,
러프,삼성,6,2019-05-31,
러프,삼성,6,2019-06-01,
러프,삼성,6,2019-06-02,
러프,삼성,6,2019-06-03,
러프,삼성,7,2019-06-04,1
러프,삼성,7,2019-06-05,
러프,삼성,7,2019-06-06,
러프,삼성,7,2019-06-07,
러프,삼성,7,2019-06-08,
러프,삼성,7,2019-06-09,
러프,삼성,7,2019-06-10,
러프,삼성,7,2019-06-11,
러프,삼성,7,2019-06-12,
러프,삼성,7,2019-06-13,
러프,삼성,8,2019-06-14,1
러프,삼성,9,2019-06-15,1
러프,삼성,9,2019-06-16,
러프,삼성,9,2019-06-17,
러프,삼성,10,2019-06-18,1
러프,삼성,11,2019-06-19,1
러프,삼성,11,2019-06-20,
러프,삼성,11,2019-06-21,
러프,삼성,11,2019-06-22,
러프,삼성,12,2019-06-23,1
러프,삼성,12,2019-06-24,
러프,삼성,12,2019-06-25,
러프,삼성,12,2019-06-26,
러프,삼성,12,2019-06-27,
러프,삼성,12,2019-06-28,
러프,삼성,12,2019-06-29,
러프,삼성,12,2019-06-30,
러프,삼성,12,2019-07-01,
러프,삼성,12,2019-07-02,
러프,삼성,12,2019-07-03,
러프,삼성,12,2019-07-04,
러프,삼성,12,2019-07-05,
러프,삼성,12,2019-07-06,
러프,삼성,12,2019-07-07,
러프,삼성,12,2019-07-08,
러프,삼성,12,2019-07-09,
러프,삼성,12,2019-07-10,
러프,삼성,12,2019-07-11,
러프,삼성,13,2019-07-12,1
러프,삼성,13,2019-07-13,
러프,삼성,13,2019-07-14,
러프,삼성,13,2019-07-15,
러프,삼성,13,2019-07-16,
러프,삼성,14,2019-07-17,1
러프,삼성,14,2019-07-18,
러프,삼성,14,2019-07-19,
러프,삼성,14,2019-07-20,
러프,삼성,14,2019-07-21,
러프,삼성,14,2019-07-22,
러프,삼성,14,2019-07-23,
러프,삼성,14,2019-07-24,
러프,삼성,14,2019-07-25,
러프,삼성,15,2019-07-26,1
러프,삼성,15,2019-07-27,
러프,삼성,15,2019-07-28,
러프,삼성,15,2019-07-29,
러프,삼성,15,2019-07-30,
러프,삼성,15,2019-07-31,
러프,삼성,17,2019-08-01,2
러프,삼성,17,2019-08-02,
러프,삼성,17,2019-08-03,
러프,삼성,17,2019-08-04,
러프,삼성,17,2019-08-05,
러프,삼성,17,2019-08-06,
러프,삼성,17,2019-08-07,
러프,삼성,17,2019-08-08,
러프,삼성,17,2019-08-09,
러프,삼성,17,2019-08-10,
러프,삼성,18,2019-08-11,1
러프,삼성,18,2019-08-12,
러프,삼성,18,2019-08-13,
러프,삼성,18,2019-08-14,
러프,삼성,18,2019-08-15,
러프,삼성,18,2019-08-16,
러프,삼성,18,2019-08-17,
러프,삼성,18,2019-08-18,
러프,삼성,18,2019-08-19,
러프,삼성,18,2019-08-20,
러프,삼성,18,2019-08-21,
러프,삼성,18,2019-08-22,
러프,삼성,18,2019-08-23,
러프,삼성,18,2019-08-24,
러프,삼성,18,2019-08-25,
러프,삼성,18,2019-08-26,
러프,삼성,18,2019-08-27,
러프,삼성,18,2019-08-28,
러프,삼성,18,2019-08-29,
러프,삼성,18,2019-08-30,
러프,삼성,18,2019-08-31,
러프,삼성,18,2019-09-01,
러프,삼성,18,2019-09-02,
러프,삼성,18,2019-09-03,
러프,삼성,18,2019-09-04,
러프,삼성,18,2019-09-05,
러프,삼성,18,2019-09-06,
러프,삼성,18,2019-09-07,
러프,삼성,19,2019-09-08,1
러프,삼성,19,2019-09-09,
러프,삼성,19,2019-09-10,
러프,삼성,20,2019-09-11,1
러프,삼성,20,2019-09-12,
러프,삼성,20,2019-09-13,
러프,삼성,20,2019-09-14,
러프,삼성,20,2019-09-15,
러프,삼성,21,2019-09-16,1
러프,삼성,21,2019-09-17,
러프,삼성,21,2019-09-18,
러프,삼성,22,2019-09-19,1
러프,삼성,22,2019-09-20,
러프,삼성,22,2019-09-21,
러프,삼성,22,2019-09-22,
러프,삼성,22,2019-09-23,
러프,삼성,22,2019-09-24,
러프,삼성,22,2019-09-25,
러프,삼성,22,2019-09-26,
러프,삼성,22,2019-09-27,
러프,삼성,22,2019-09-28,
러프,삼성,22,2019-09-29,
러프,삼성,22,2019-09-30,
러프,삼성,22,2019-10-01,
전준우,롯데,0,2019-03-23,
전준우,롯데,1,2019-03-24,1
전준우,롯데,1,2019-03-25,
전준우,롯데,1,2019-03-26,
전준우,롯데,2,2019-03-27,1
전준우,롯데,2,2019-03-28,
전준우,롯데,2,2019-03-29,
전준우,롯데,2,2019-03-30,
전준우,롯데,2,2019-03-31,
전준우,롯데,2,2019-04-01,
전준우,롯데,3,2019-04-02,1
전준우,롯데,3,2019-04-03,
전준우,롯데,4,2019-04-04,1
전준우,롯데,5,2019-04-05,1
전준우,롯데,5,2019-04-06,
전준우,롯데,5,2019-04-07,
전준우,롯데,5,2019-04-08,
전준우,롯데,5,2019-04-09,
전준우,롯데,5,2019-04-10,
전준우,롯데,5,2019-04-11,
전준우,롯데,5,2019-04-12,
전준우,롯데,6,2019-04-13,1
전준우,롯데,6,2019-04-14,
전준우,롯데,6,2019-04-15,
전준우,롯데,6,2019-04-16,
전준우,롯데,6,2019-04-17,
전준우,롯데,6,2019-04-18,
전준우,롯데,6,2019-04-19,
전준우,롯데,6,2019-04-20,
전준우,롯데,6,2019-04-21,
전준우,롯데,6,2019-04-22,
전준우,롯데,6,2019-04-23,
전준우,롯데,6,2019-04-24,
전준우,롯데,6,2019-04-25,
전준우,롯데,6,2019-04-26,
전준우,롯데,6,2019-04-27,
전준우,롯데,6,2019-04-28,
전준우,롯데,6,2019-04-29,
전준우,롯데,6,2019-04-30,
전준우,롯데,6,2019-05-01,
전준우,롯데,6,2019-05-02,
전준우,롯데,6,2019-05-03,
전준우,롯데,6,2019-05-04,
전준우,롯데,6,2019-05-05,
전준우,롯데,6,2019-05-06,
전준우,롯데,6,2019-05-07,
전준우,롯데,6,2019-05-08,
전준우,롯데,7,2019-05-09,1
전준우,롯데,8,2019-05-10,1
전준우,롯데,8,2019-05-11,
전준우,롯데,8,2019-05-12,
전준우,롯데,8,2019-05-13,
전준우,롯데,8,2019-05-14,
전준우,롯데,8,2019-05-15,
전준우,롯데,8,2019-05-16,
전준우,롯데,8,2019-05-17,
전준우,롯데,8,2019-05-18,
전준우,롯데,8,2019-05-19,
전준우,롯데,8,2019-05-20,
전준우,롯데,8,2019-05-21,
전준우,롯데,8,2019-05-22,
전준우,롯데,8,2019-05-23,
전준우,롯데,9,2019-05-24,1
전준우,롯데,9,2019-05-25,
전준우,롯데,9,2019-05-26,
전준우,롯데,9,2019-05-27,
전준우,롯데,9,2019-05-28,
전준우,롯데,9,2019-05-29,
전준우,롯데,9,2019-05-30,
전준우,롯데,9,2019-05-31,
전준우,롯데,9,2019-06-01,
전준우,롯데,9,2019-06-02,
전준우,롯데,9,2019-06-03,
전준우,롯데,9,2019-06-04,
전준우,롯데,10,2019-06-05,1
전준우,롯데,10,2019-06-06,
전준우,롯데,10,2019-06-07,
전준우,롯데,10,2019-06-08,
전준우,롯데,10,2019-06-09,
전준우,롯데,10,2019-06-10,
전준우,롯데,10,2019-06-11,
전준우,롯데,10,2019-06-12,
전준우,롯데,10,2019-06-13,
전준우,롯데,10,2019-06-14,
전준우,롯데,11,2019-06-15,1
전준우,롯데,11,2019-06-16,
전준우,롯데,11,2019-06-17,
전준우,롯데,11,2019-06-18,
전준우,롯데,12,2019-06-19,1
전준우,롯데,12,2019-06-20,
전준우,롯데,12,2019-06-21,
전준우,롯데,12,2019-06-22,
전준우,롯데,12,2019-06-23,
전준우,롯데,12,2019-06-24,
전준우,롯데,13,2019-06-25,1
전준우,롯데,13,2019-06-26,
전준우,롯데,13,2019-06-27,
전준우,롯데,13,2019-06-28,
전준우,롯데,13,2019-06-29,
전준우,롯데,13,2019-06-30,
전준우,롯데,13,2019-07-01,
전준우,롯데,13,2019-07-02,
전준우,롯데,15,2019-07-03,2
전준우,롯데,16,2019-07-04,1
전준우,롯데,16,2019-07-05,
전준우,롯데,16,2019-07-06,
전준우,롯데,16,2019-07-07,
전준우,롯데,16,2019-07-08,
전준우,롯데,16,2019-07-09,
전준우,롯데,16,2019-07-10,
전준우,롯데,16,2019-07-11,
전준우,롯데,16,2019-07-12,
전준우,롯데,17,2019-07-13,1
전준우,롯데,17,2019-07-14,
전준우,롯데,17,2019-07-15,
전준우,롯데,17,2019-07-16,
전준우,롯데,17,2019-07-17,
전준우,롯데,17,2019-07-18,
전준우,롯데,17,2019-07-19,
전준우,롯데,17,2019-07-20,
전준우,롯데,17,2019-07-21,
전준우,롯데,17,2019-07-22,
전준우,롯데,17,2019-07-23,
전준우,롯데,17,2019-07-24,
전준우,롯데,17,2019-07-25,
전준우,롯데,17,2019-07-26,
전준우,롯데,17,2019-07-27,
전준우,롯데,17,2019-07-28,
전준우,롯데,17,2019-07-29,
전준우,롯데,17,2019-07-30,
전준우,롯데,18,2019-07-31,1
전준우,롯데,18,2019-08-01,
전준우,롯데,18,2019-08-02,
전준우,롯데,18,2019-08-03,
전준우,롯데,18,2019-08-04,
전준우,롯데,18,2019-08-05,
전준우,롯데,18,2019-08-06,
전준우,롯데,18,2019-08-07,
전준우,롯데,18,2019-08-08,
전준우,롯데,19,2019-08-09,1
전준우,롯데,19,2019-08-10,
전준우,롯데,19,2019-08-11,
전준우,롯데,19,2019-08-12,
전준우,롯데,19,2019-08-13,
전준우,롯데,19,2019-08-14,
전준우,롯데,19,2019-08-15,
전준우,롯데,19,2019-08-16,
전준우,롯데,19,2019-08-17,
전준우,롯데,19,2019-08-18,
전준우,롯데,19,2019-08-19,
전준우,롯데,19,2019-08-20,
전준우,롯데,19,2019-08-21,
전준우,롯데,20,2019-08-22,1
전준우,롯데,20,2019-08-23,
전준우,롯데,20,2019-08-24,
전준우,롯데,20,2019-08-25,
전준우,롯데,20,2019-08-26,
전준우,롯데,20,2019-08-27,
전준우,롯데,20,2019-08-28,
전준우,롯데,20,2019-08-29,
전준우,롯데,21,2019-08-30,1
전준우,롯데,21,2019-08-31,
전준우,롯데,21,2019-09-01,
전준우,롯데,21,2019-09-02,
전준우,롯데,21,2019-09-03,
전준우,롯데,21,2019-09-04,
전준우,롯데,21,2019-09-05,
전준우,롯데,22,2019-09-06,1
전준우,롯데,22,2019-09-07,
전준우,롯데,22,2019-09-08,
전준우,롯데,22,2019-09-09,
전준우,롯데,22,2019-09-10,
전준우,롯데,22,2019-09-11,
전준우,롯데,22,2019-09-12,
전준우,롯데,22,2019-09-13,
전준우,롯데,22,2019-09-14,
전준우,롯데,22,2019-09-15,
전준우,롯데,22,2019-09-16,
전준우,롯데,22,2019-09-17,
전준우,롯데,22,2019-09-18,
전준우,롯데,22,2019-09-19,
전준우,롯데,22,2019-09-20,
전준우,롯데,22,2019-09-21,
전준우,롯데,22,2019-09-22,
전준우,롯데,22,2019-09-23,
전준우,롯데,22,2019-09-24,
전준우,롯데,22,2019-09-25,
전준우,롯데,22,2019-09-26,
전준우,롯데,22,2019-09-27,
전준우,롯데,22,2019-09-28,
전준우,롯데,22,2019-09-29,
전준우,롯데,22,2019-09-30,
전준우,롯데,22,2019-10-01,
오재일,두산,0,2019-03-23,
오재일,두산,0,2019-03-24,
오재일,두산,0,2019-03-25,
오재일,두산,0,2019-03-26,
오재일,두산,0,2019-03-27,
오재일,두산,0,2019-03-28,
오재일,두산,0,2019-03-29,
오재일,두산,1,2019-03-30,1
오재일,두산,1,2019-03-31,
오재일,두산,1,2019-04-01,
오재일,두산,1,2019-04-02,
오재일,두산,1,2019-04-03,
오재일,두산,1,2019-04-04,
오재일,두산,1,2019-04-05,
오재일,두산,1,2019-04-06,
오재일,두산,1,2019-04-07,
오재일,두산,1,2019-04-08,
오재일,두산,1,2019-04-09,
오재일,두산,1,2019-04-10,
오재일,두산,1,2019-04-11,
오재일,두산,1,2019-04-12,
오재일,두산,1,2019-04-13,
오재일,두산,1,2019-04-14,
오재일,두산,1,2019-04-15,
오재일,두산,1,2019-04-16,
오재일,두산,1,2019-04-17,
오재일,두산,1,2019-04-18,
오재일,두산,2,2019-04-19,1
오재일,두산,2,2019-04-20,
오재일,두산,2,2019-04-21,
오재일,두산,2,2019-04-22,
오재일,두산,2,2019-04-23,
오재일,두산,2,2019-04-24,
오재일,두산,3,2019-04-25,1
오재일,두산,3,2019-04-26,
오재일,두산,3,2019-04-27,
오재일,두산,3,2019-04-28,
오재일,두산,3,2019-04-29,
오재일,두산,3,2019-04-30,
오재일,두산,3,2019-05-01,
오재일,두산,3,2019-05-02,
오재일,두산,3,2019-05-03,
오재일,두산,3,2019-05-04,
오재일,두산,3,2019-05-05,
오재일,두산,3,2019-05-06,
오재일,두산,3,2019-05-07,
오재일,두산,3,2019-05-08,
오재일,두산,3,2019-05-09,
오재일,두산,4,2019-05-10,1
오재일,두산,6,2019-05-11,2
오재일,두산,6,2019-05-12,
오재일,두산,6,2019-05-13,
오재일,두산,6,2019-05-14,
오재일,두산,6,2019-05-15,
오재일,두산,6,2019-05-16,
오재일,두산,6,2019-05-17,
오재일,두산,8,2019-05-18,2
오재일,두산,8,2019-05-19,
오재일,두산,8,2019-05-20,
오재일,두산,8,2019-05-21,
오재일,두산,8,2019-05-22,
오재일,두산,8,2019-05-23,
오재일,두산,8,2019-05-24,
오재일,두산,8,2019-05-25,
오재일,두산,8,2019-05-26,
오재일,두산,8,2019-05-27,
오재일,두산,8,2019-05-28,
오재일,두산,8,2019-05-29,
오재일,두산,8,2019-05-30,
오재일,두산,8,2019-05-31,
오재일,두산,8,2019-06-01,
오재일,두산,8,2019-06-02,
오재일,두산,8,2019-06-03,
오재일,두산,8,2019-06-04,
오재일,두산,8,2019-06-05,
오재일,두산,8,2019-06-06,
오재일,두산,8,2019-06-07,
오재일,두산,8,2019-06-08,
오재일,두산,8,2019-06-09,
오재일,두산,8,2019-06-10,
오재일,두산,8,2019-06-11,
오재일,두산,8,2019-06-12,
오재일,두산,8,2019-06-13,
오재일,두산,8,2019-06-14,
오재일,두산,8,2019-06-15,
오재일,두산,8,2019-06-16,
오재일,두산,8,2019-06-17,
오재일,두산,9,2019-06-18,1
오재일,두산,9,2019-06-19,
오재일,두산,9,2019-06-20,
오재일,두산,9,2019-06-21,
오재일,두산,9,2019-06-22,
오재일,두산,9,2019-06-23,
오재일,두산,9,2019-06-24,
오재일,두산,9,2019-06-25,
오재일,두산,9,2019-06-26,
오재일,두산,9,2019-06-27,
오재일,두산,9,2019-06-28,
오재일,두산,9,2019-06-29,
오재일,두산,9,2019-06-30,
오재일,두산,9,2019-07-01,
오재일,두산,9,2019-07-02,
오재일,두산,9,2019-07-03,
오재일,두산,10,2019-07-04,1
오재일,두산,10,2019-07-05,
오재일,두산,10,2019-07-06,
오재일,두산,11,2019-07-07,1
오재일,두산,11,2019-07-08,
오재일,두산,11,2019-07-09,
오재일,두산,11,2019-07-10,
오재일,두산,11,2019-07-11,
오재일,두산,11,2019-07-12,
오재일,두산,12,2019-07-13,1
오재일,두산,12,2019-07-14,
오재일,두산,12,2019-07-15,
오재일,두산,12,2019-07-16,
오재일,두산,12,2019-07-17,
오재일,두산,12,2019-07-18,
오재일,두산,12,2019-07-19,
오재일,두산,12,2019-07-20,
오재일,두산,12,2019-07-21,
오재일,두산,12,2019-07-22,
오재일,두산,12,2019-07-23,
오재일,두산,12,2019-07-24,
오재일,두산,12,2019-07-25,
오재일,두산,12,2019-07-26,
오재일,두산,12,2019-07-27,
오재일,두산,12,2019-07-28,
오재일,두산,12,2019-07-29,
오재일,두산,12,2019-07-30,
오재일,두산,12,2019-07-31,
오재일,두산,12,2019-08-01,
오재일,두산,12,2019-08-02,
오재일,두산,12,2019-08-03,
오재일,두산,12,2019-08-04,
오재일,두산,12,2019-08-05,
오재일,두산,12,2019-08-06,
오재일,두산,13,2019-08-07,1
오재일,두산,14,2019-08-08,1
오재일,두산,14,2019-08-09,
오재일,두산,14,2019-08-10,
오재일,두산,14,2019-08-11,
오재일,두산,14,2019-08-12,
오재일,두산,14,2019-08-13,
오재일,두산,14,2019-08-14,
오재일,두산,14,2019-08-15,
오재일,두산,14,2019-08-16,
오재일,두산,14,2019-08-17,
오재일,두산,14,2019-08-18,
오재일,두산,14,2019-08-19,
오재일,두산,14,2019-08-20,
오재일,두산,14,2019-08-21,
오재일,두산,15,2019-08-22,1
오재일,두산,15,2019-08-23,
오재일,두산,16,2019-08-24,1
오재일,두산,16,2019-08-25,
오재일,두산,16,2019-08-26,
오재일,두산,16,2019-08-27,
오재일,두산,16,2019-08-28,
오재일,두산,18,2019-08-29,2
오재일,두산,18,2019-08-30,
오재일,두산,18,2019-08-31,
오재일,두산,18,2019-09-01,
오재일,두산,18,2019-09-02,
오재일,두산,18,2019-09-03,
오재일,두산,18,2019-09-04,
오재일,두산,18,2019-09-05,
오재일,두산,18,2019-09-06,
오재일,두산,18,2019-09-07,
오재일,두산,18,2019-09-08,
오재일,두산,18,2019-09-09,
오재일,두산,18,2019-09-10,
오재일,두산,18,2019-09-11,
오재일,두산,18,2019-09-12,
오재일,두산,18,2019-09-13,
오재일,두산,18,2019-09-14,
오재일,두산,18,2019-09-15,
오재일,두산,18,2019-09-16,
오재일,두산,18,2019-09-17,
오재일,두산,18,2019-09-18,
오재일,두산,19,2019-09-19,1
오재일,두산,19,2019-09-20,
오재일,두산,19,2019-09-21,
오재일,두산,19,2019-09-22,
오재일,두산,19,2019-09-23,
오재일,두산,21,2019-09-24,2
오재일,두산,21,2019-09-25,
오재일,두산,21,2019-09-26,
오재일,두산,21,2019-09-27,
오재일,두산,21,2019-09-28,
오재일,두산,21,2019-09-29,
오재일,두산,21,2019-09-30,
오재일,두산,21,2019-10-01,
이성열,한화,0,2019-03-23,
이성열,한화,0,2019-03-24,
이성열,한화,0,2019-03-25,
이성열,한화,2,2019-03-26,2
이성열,한화,3,2019-03-27,1
이성열,한화,3,2019-03-28,
이성열,한화,3,2019-03-29,
이성열,한화,4,2019-03-30,1
이성열,한화,4,2019-03-31,
이성열,한화,4,2019-04-01,
이성열,한화,4,2019-04-02,
이성열,한화,4,2019-04-03,
이성열,한화,4,2019-04-04,
이성열,한화,4,2019-04-05,
이성열,한화,4,2019-04-06,
이성열,한화,4,2019-04-07,
이성열,한화,4,2019-04-08,
이성열,한화,4,2019-04-09,
이성열,한화,4,2019-04-10,
이성열,한화,4,2019-04-11,
이성열,한화,4,2019-04-12,
이성열,한화,4,2019-04-13,
이성열,한화,4,2019-04-14,
이성열,한화,4,2019-04-15,
이성열,한화,4,2019-04-16,
이성열,한화,4,2019-04-17,
이성열,한화,5,2019-04-18,1
이성열,한화,5,2019-04-19,
이성열,한화,6,2019-04-20,1
이성열,한화,6,2019-04-21,
이성열,한화,6,2019-04-22,
이성열,한화,6,2019-04-23,
이성열,한화,6,2019-04-24,
이성열,한화,6,2019-04-25,
이성열,한화,6,2019-04-26,
이성열,한화,6,2019-04-27,
이성열,한화,6,2019-04-28,
이성열,한화,6,2019-04-29,
이성열,한화,6,2019-04-30,
이성열,한화,6,2019-05-01,
이성열,한화,6,2019-05-02,
이성열,한화,6,2019-05-03,
이성열,한화,6,2019-05-04,
이성열,한화,6,2019-05-05,
이성열,한화,6,2019-05-06,
이성열,한화,6,2019-05-07,
이성열,한화,6,2019-05-08,
이성열,한화,6,2019-05-09,
이성열,한화,6,2019-05-10,
이성열,한화,6,2019-05-11,
이성열,한화,6,2019-05-12,
이성열,한화,6,2019-05-13,
이성열,한화,6,2019-05-14,
이성열,한화,7,2019-05-15,1
이성열,한화,7,2019-05-16,
이성열,한화,7,2019-05-17,
이성열,한화,7,2019-05-18,
이성열,한화,7,2019-05-19,
이성열,한화,7,2019-05-20,
이성열,한화,7,2019-05-21,
이성열,한화,9,2019-05-22,2
이성열,한화,9,2019-05-23,
이성열,한화,9,2019-05-24,
이성열,한화,9,2019-05-25,
이성열,한화,9,2019-05-26,
이성열,한화,9,2019-05-27,
이성열,한화,9,2019-05-28,
이성열,한화,9,2019-05-29,
이성열,한화,9,2019-05-30,
이성열,한화,9,2019-05-31,
이성열,한화,9,2019-06-01,
이성열,한화,9,2019-06-02,
이성열,한화,9,2019-06-03,
이성열,한화,9,2019-06-04,
이성열,한화,9,2019-06-05,
이성열,한화,9,2019-06-06,
이성열,한화,9,2019-06-07,
이성열,한화,9,2019-06-08,
이성열,한화,9,2019-06-09,
이성열,한화,9,2019-06-10,
이성열,한화,9,2019-06-11,
이성열,한화,9,2019-06-12,
이성열,한화,9,2019-06-13,
이성열,한화,11,2019-06-14,2
이성열,한화,11,2019-06-15,
이성열,한화,11,2019-06-16,
이성열,한화,11,2019-06-17,
이성열,한화,11,2019-06-18,
이성열,한화,11,2019-06-19,
이성열,한화,12,2019-06-20,1
이성열,한화,12,2019-06-21,
이성열,한화,12,2019-06-22,
이성열,한화,12,2019-06-23,
이성열,한화,12,2019-06-24,
이성열,한화,13,2019-06-25,1
이성열,한화,13,2019-06-26,
이성열,한화,13,2019-06-27,
이성열,한화,13,2019-06-28,
이성열,한화,13,2019-06-29,
이성열,한화,13,2019-06-30,
이성열,한화,13,2019-07-01,
이성열,한화,13,2019-07-02,
이성열,한화,14,2019-07-03,1
이성열,한화,14,2019-07-04,
이성열,한화,14,2019-07-05,
이성열,한화,15,2019-07-06,1
이성열,한화,15,2019-07-07,
이성열,한화,15,2019-07-08,
이성열,한화,15,2019-07-09,
이성열,한화,15,2019-07-10,
이성열,한화,15,2019-07-11,
이성열,한화,15,2019-07-12,
이성열,한화,15,2019-07-13,
이성열,한화,16,2019-07-14,1
이성열,한화,16,2019-07-15,
이성열,한화,16,2019-07-16,
이성열,한화,16,2019-07-17,
이성열,한화,16,2019-07-18,
이성열,한화,16,2019-07-19,
이성열,한화,16,2019-07-20,
이성열,한화,16,2019-07-21,
이성열,한화,16,2019-07-22,
이성열,한화,16,2019-07-23,
이성열,한화,16,2019-07-24,
이성열,한화,16,2019-07-25,
이성열,한화,18,2019-07-26,2
이성열,한화,18,2019-07-27,
이성열,한화,18,2019-07-28,
이성열,한화,18,2019-07-29,
이성열,한화,18,2019-07-30,
이성열,한화,18,2019-07-31,
이성열,한화,18,2019-08-01,
이성열,한화,18,2019-08-02,
이성열,한화,18,2019-08-03,
이성열,한화,18,2019-08-04,
이성열,한화,18,2019-08-05,
이성열,한화,18,2019-08-06,
이성열,한화,19,2019-08-07,1
이성열,한화,19,2019-08-08,
이성열,한화,20,2019-08-09,1
이성열,한화,21,2019-08-10,1
이성열,한화,21,2019-08-11,
이성열,한화,21,2019-08-12,
이성열,한화,21,2019-08-13,
이성열,한화,21,2019-08-14,
이성열,한화,21,2019-08-15,
이성열,한화,21,2019-08-16,
이성열,한화,21,2019-08-17,
이성열,한화,21,2019-08-18,
이성열,한화,21,2019-08-19,
이성열,한화,21,2019-08-20,
이성열,한화,21,2019-08-21,
이성열,한화,21,2019-08-22,
이성열,한화,21,2019-08-23,
이성열,한화,21,2019-08-24,
이성열,한화,21,2019-08-25,
이성열,한화,21,2019-08-26,
이성열,한화,21,2019-08-27,
이성열,한화,21,2019-08-28,
이성열,한화,21,2019-08-29,
이성열,한화,21,2019-08-30,
이성열,한화,21,2019-08-31,
이성열,한화,21,2019-09-01,
이성열,한화,21,2019-09-02,
이성열,한화,21,2019-09-03,
이성열,한화,21,2019-09-04,
이성열,한화,21,2019-09-05,
이성열,한화,21,2019-09-06,
이성열,한화,21,2019-09-07,
이성열,한화,21,2019-09-08,
이성열,한화,21,2019-09-09,
이성열,한화,21,2019-09-10,
이성열,한화,21,2019-09-11,
이성열,한화,21,2019-09-12,
이성열,한화,21,2019-09-13,
이성열,한화,21,2019-09-14,
이성열,한화,21,2019-09-15,
이성열,한화,21,2019-09-16,
이성열,한화,21,2019-09-17,
이성열,한화,21,2019-09-18,
이성열,한화,21,2019-09-19,
이성열,한화,21,2019-09-20,
이성열,한화,21,2019-09-21,
이성열,한화,21,2019-09-22,
이성열,한화,21,2019-09-23,
이성열,한화,21,2019-09-24,
이성열,한화,21,2019-09-25,
이성열,한화,21,2019-09-26,
이성열,한화,21,2019-09-27,
이성열,한화,21,2019-09-28,
이성열,한화,21,2019-09-29,
이성열,한화,21,2019-09-30,
이성열,한화,21,2019-10-01,
황재균,KT,0,2019-03-23,
황재균,KT,0,2019-03-24,
황재균,KT,0,2019-03-25,
황재균,KT,1,2019-03-26,1
황재균,KT,1,2019-03-27,
황재균,KT,2,2019-03-28,1
황재균,KT,2,2019-03-29,
황재균,KT,2,2019-03-30,
황재균,KT,3,2019-03-31,1
황재균,KT,3,2019-04-01,
황재균,KT,3,2019-04-02,
황재균,KT,3,2019-04-03,
황재균,KT,4,2019-04-04,1
황재균,KT,4,2019-04-05,
황재균,KT,4,2019-04-06,
황재균,KT,4,2019-04-07,
황재균,KT,4,2019-04-08,
황재균,KT,4,2019-04-09,
황재균,KT,4,2019-04-10,
황재균,KT,5,2019-04-11,1
황재균,KT,5,2019-04-12,
황재균,KT,5,2019-04-13,
황재균,KT,5,2019-04-14,
황재균,KT,5,2019-04-15,
황재균,KT,5,2019-04-16,
황재균,KT,6,2019-04-17,1
황재균,KT,6,2019-04-18,
황재균,KT,6,2019-04-19,
황재균,KT,6,2019-04-20,
황재균,KT,6,2019-04-21,
황재균,KT,6,2019-04-22,
황재균,KT,6,2019-04-23,
황재균,KT,6,2019-04-24,
황재균,KT,6,2019-04-25,
황재균,KT,6,2019-04-26,
황재균,KT,6,2019-04-27,
황재균,KT,6,2019-04-28,
황재균,KT,6,2019-04-29,
황재균,KT,6,2019-04-30,
황재균,KT,6,2019-05-01,
황재균,KT,6,2019-05-02,
황재균,KT,6,2019-05-03,
황재균,KT,6,2019-05-04,
황재균,KT,6,2019-05-05,
황재균,KT,6,2019-05-06,
황재균,KT,6,2019-05-07,
황재균,KT,6,2019-05-08,
황재균,KT,6,2019-05-09,
황재균,KT,6,2019-05-10,
황재균,KT,6,2019-05-11,
황재균,KT,6,2019-05-12,
황재균,KT,6,2019-05-13,
황재균,KT,6,2019-05-14,
황재균,KT,6,2019-05-15,
황재균,KT,7,2019-05-16,1
황재균,KT,7,2019-05-17,
황재균,KT,7,2019-05-18,
황재균,KT,7,2019-05-19,
황재균,KT,7,2019-05-20,
황재균,KT,7,2019-05-21,
황재균,KT,7,2019-05-22,
황재균,KT,7,2019-05-23,
황재균,KT,7,2019-05-24,
황재균,KT,7,2019-05-25,
황재균,KT,7,2019-05-26,
황재균,KT,7,2019-05-27,
황재균,KT,7,2019-05-28,
황재균,KT,7,2019-05-29,
황재균,KT,7,2019-05-30,
황재균,KT,8,2019-05-31,1
황재균,KT,8,2019-06-01,
황재균,KT,8,2019-06-02,
황재균,KT,8,2019-06-03,
황재균,KT,9,2019-06-04,1
황재균,KT,9,2019-06-05,
황재균,KT,10,2019-06-06,1
황재균,KT,10,2019-06-07,
황재균,KT,10,2019-06-08,
황재균,KT,10,2019-06-09,
황재균,KT,10,2019-06-10,
황재균,KT,10,2019-06-11,
황재균,KT,10,2019-06-12,
황재균,KT,10,2019-06-13,
황재균,KT,10,2019-06-14,
황재균,KT,10,2019-06-15,
황재균,KT,10,2019-06-16,
황재균,KT,10,2019-06-17,
황재균,KT,10,2019-06-18,
황재균,KT,10,2019-06-19,
황재균,KT,10,2019-06-20,
황재균,KT,10,2019-06-21,
황재균,KT,10,2019-06-22,
황재균,KT,10,2019-06-23,
황재균,KT,10,2019-06-24,
황재균,KT,11,2019-06-25,1
황재균,KT,11,2019-06-26,
황재균,KT,11,2019-06-27,
황재균,KT,11,2019-06-28,
황재균,KT,11,2019-06-29,
황재균,KT,12,2019-06-30,1
황재균,KT,12,2019-07-01,
황재균,KT,12,2019-07-02,
황재균,KT,12,2019-07-03,
황재균,KT,12,2019-07-04,
황재균,KT,13,2019-07-05,1
황재균,KT,13,2019-07-06,
황재균,KT,13,2019-07-07,
황재균,KT,13,2019-07-08,
황재균,KT,13,2019-07-09,
황재균,KT,13,2019-07-10,
황재균,KT,13,2019-07-11,
황재균,KT,13,2019-07-12,
황재균,KT,13,2019-07-13,
황재균,KT,13,2019-07-14,
황재균,KT,13,2019-07-15,
황재균,KT,13,2019-07-16,
황재균,KT,13,2019-07-17,
황재균,KT,13,2019-07-18,
황재균,KT,13,2019-07-19,
황재균,KT,13,2019-07-20,
황재균,KT,13,2019-07-21,
황재균,KT,13,2019-07-22,
황재균,KT,13,2019-07-23,
황재균,KT,13,2019-07-24,
황재균,KT,13,2019-07-25,
황재균,KT,13,2019-07-26,
황재균,KT,13,2019-07-27,
황재균,KT,13,2019-07-28,
황재균,KT,13,2019-07-29,
황재균,KT,13,2019-07-30,
황재균,KT,13,2019-07-31,
황재균,KT,13,2019-08-01,
황재균,KT,13,2019-08-02,
황재균,KT,13,2019-08-03,
황재균,KT,13,2019-08-04,
황재균,KT,13,2019-08-05,
황재균,KT,13,2019-08-06,
황재균,KT,13,2019-08-07,
황재균,KT,13,2019-08-08,
황재균,KT,13,2019-08-09,
황재균,KT,13,2019-08-10,
황재균,KT,13,2019-08-11,
황재균,KT,13,2019-08-12,
황재균,KT,13,2019-08-13,
황재균,KT,13,2019-08-14,
황재균,KT,13,2019-08-15,
황재균,KT,14,2019-08-16,1
황재균,KT,14,2019-08-17,
황재균,KT,14,2019-08-18,
황재균,KT,14,2019-08-19,
황재균,KT,14,2019-08-20,
황재균,KT,14,2019-08-21,
황재균,KT,14,2019-08-22,
황재균,KT,15,2019-08-23,1
황재균,KT,15,2019-08-24,
황재균,KT,15,2019-08-25,
황재균,KT,15,2019-08-26,
황재균,KT,15,2019-08-27,
황재균,KT,15,2019-08-28,
황재균,KT,15,2019-08-29,
황재균,KT,15,2019-08-30,
황재균,KT,15,2019-08-31,
황재균,KT,15,2019-09-01,
황재균,KT,15,2019-09-02,
황재균,KT,15,2019-09-03,
황재균,KT,15,2019-09-04,
황재균,KT,15,2019-09-05,
황재균,KT,15,2019-09-06,
황재균,KT,15,2019-09-07,
황재균,KT,15,2019-09-08,
황재균,KT,15,2019-09-09,
황재균,KT,15,2019-09-10,
황재균,KT,15,2019-09-11,
황재균,KT,15,2019-09-12,
황재균,KT,15,2019-09-13,
황재균,KT,15,2019-09-14,
황재균,KT,16,2019-09-15,1
황재균,KT,17,2019-09-16,1
황재균,KT,17,2019-09-17,
황재균,KT,17,2019-09-18,
황재균,KT,17,2019-09-19,
황재균,KT,18,2019-09-20,1
황재균,KT,18,2019-09-21,
황재균,KT,18,2019-09-22,
황재균,KT,18,2019-09-23,
황재균,KT,18,2019-09-24,
황재균,KT,18,2019-09-25,
황재균,KT,19,2019-09-26,1
황재균,KT,19,2019-09-27,
황재균,KT,19,2019-09-28,
황재균,KT,20,2019-09-29,1
황재균,KT,20,2019-09-30,
황재균,KT,20,2019-10-01,
양의지,NC,0,2019-03-23,1
양의지,NC,0,2019-03-24,
양의지,NC,0,2019-03-25,
양의지,NC,1,2019-03-26,1
양의지,NC,2,2019-03-27,1
양의지,NC,2,2019-03-28,
양의지,NC,2,2019-03-29,
양의지,NC,2,2019-03-30,
양의지,NC,3,2019-03-31,1
양의지,NC,3,2019-04-01,
양의지,NC,3,2019-04-02,
양의지,NC,3,2019-04-03,
양의지,NC,3,2019-04-04,
양의지,NC,3,2019-04-05,
양의지,NC,3,2019-04-06,
양의지,NC,3,2019-04-07,
양의지,NC,3,2019-04-08,
양의지,NC,3,2019-04-09,
양의지,NC,3,2019-04-10,
양의지,NC,3,2019-04-11,
양의지,NC,3,2019-04-12,
양의지,NC,3,2019-04-13,
양의지,NC,4,2019-04-14,1
양의지,NC,4,2019-04-15,
양의지,NC,4,2019-04-16,
양의지,NC,4,2019-04-17,
양의지,NC,4,2019-04-18,
양의지,NC,4,2019-04-19,
양의지,NC,5,2019-04-20,1
양의지,NC,5,2019-04-21,
양의지,NC,5,2019-04-22,
양의지,NC,5,2019-04-23,
양의지,NC,5,2019-04-24,
양의지,NC,5,2019-04-25,
양의지,NC,5,2019-04-26,
양의지,NC,6,2019-04-27,1
양의지,NC,6,2019-04-28,
양의지,NC,6,2019-04-29,
양의지,NC,6,2019-04-30,
양의지,NC,6,2019-05-01,
양의지,NC,6,2019-05-02,
양의지,NC,7,2019-05-03,1
양의지,NC,7,2019-05-04,
양의지,NC,7,2019-05-05,
양의지,NC,7,2019-05-06,
양의지,NC,7,2019-05-07,
양의지,NC,7,2019-05-08,
양의지,NC,7,2019-05-09,
양의지,NC,7,2019-05-10,
양의지,NC,7,2019-05-11,
양의지,NC,8,2019-05-12,1
양의지,NC,8,2019-05-13,
양의지,NC,8,2019-05-14,
양의지,NC,8,2019-05-15,
양의지,NC,8,2019-05-16,
양의지,NC,8,2019-05-17,
양의지,NC,8,2019-05-18,
양의지,NC,8,2019-05-19,
양의지,NC,8,2019-05-20,
양의지,NC,8,2019-05-21,
양의지,NC,8,2019-05-22,
양의지,NC,8,2019-05-23,
양의지,NC,8,2019-05-24,
양의지,NC,8,2019-05-25,
양의지,NC,8,2019-05-26,
양의지,NC,8,2019-05-27,
양의지,NC,8,2019-05-28,
양의지,NC,9,2019-05-29,1
양의지,NC,9,2019-05-30,
양의지,NC,9,2019-05-31,
양의지,NC,9,2019-06-01,
양의지,NC,11,2019-06-02,2
양의지,NC,11,2019-06-03,
양의지,NC,11,2019-06-04,
양의지,NC,11,2019-06-05,
양의지,NC,11,2019-06-06,
양의지,NC,11,2019-06-07,
양의지,NC,11,2019-06-08,
양의지,NC,11,2019-06-09,
양의지,NC,11,2019-06-10,
양의지,NC,11,2019-06-11,
양의지,NC,11,2019-06-12,
양의지,NC,11,2019-06-13,
양의지,NC,11,2019-06-14,
양의지,NC,11,2019-06-15,
양의지,NC,11,2019-06-16,
양의지,NC,11,2019-06-17,
양의지,NC,11,2019-06-18,
양의지,NC,11,2019-06-19,
양의지,NC,11,2019-06-20,
양의지,NC,11,2019-06-21,
양의지,NC,11,2019-06-22,
양의지,NC,11,2019-06-23,
양의지,NC,11,2019-06-24,
양의지,NC,11,2019-06-25,
양의지,NC,11,2019-06-26,
양의지,NC,11,2019-06-27,
양의지,NC,12,2019-06-28,1
양의지,NC,12,2019-06-29,
양의지,NC,12,2019-06-30,
양의지,NC,12,2019-07-01,
양의지,NC,12,2019-07-02,
양의지,NC,12,2019-07-03,
양의지,NC,12,2019-07-04,
양의지,NC,12,2019-07-05,
양의지,NC,12,2019-07-06,
양의지,NC,12,2019-07-07,
양의지,NC,12,2019-07-08,
양의지,NC,12,2019-07-09,
양의지,NC,12,2019-07-10,
양의지,NC,12,2019-07-11,
양의지,NC,12,2019-07-12,
양의지,NC,13,2019-07-13,1
양의지,NC,13,2019-07-14,
양의지,NC,13,2019-07-15,
양의지,NC,13,2019-07-16,
양의지,NC,14,2019-07-17,1
양의지,NC,14,2019-07-18,
양의지,NC,14,2019-07-19,
양의지,NC,14,2019-07-20,
양의지,NC,14,2019-07-21,
양의지,NC,15,2019-07-22,1
양의지,NC,15,2019-07-23,
양의지,NC,15,2019-07-24,
양의지,NC,15,2019-07-25,
양의지,NC,15,2019-07-26,
양의지,NC,15,2019-07-27,
양의지,NC,15,2019-07-28,
양의지,NC,15,2019-07-29,
양의지,NC,16,2019-07-30,1
양의지,NC,16,2019-07-31,
양의지,NC,16,2019-08-01,
양의지,NC,16,2019-08-02,
양의지,NC,16,2019-08-03,
양의지,NC,16,2019-08-04,
양의지,NC,16,2019-08-05,
양의지,NC,16,2019-08-06,
양의지,NC,16,2019-08-07,
양의지,NC,16,2019-08-08,
양의지,NC,16,2019-08-09,
양의지,NC,16,2019-08-10,
양의지,NC,16,2019-08-11,
양의지,NC,16,2019-08-12,
양의지,NC,16,2019-08-13,
양의지,NC,16,2019-08-14,
양의지,NC,16,2019-08-15,
양의지,NC,16,2019-08-16,
양의지,NC,16,2019-08-17,
양의지,NC,16,2019-08-18,
양의지,NC,16,2019-08-19,
양의지,NC,16,2019-08-20,
양의지,NC,16,2019-08-21,
양의지,NC,16,2019-08-22,
양의지,NC,16,2019-08-23,
양의지,NC,16,2019-08-24,
양의지,NC,16,2019-08-25,
양의지,NC,16,2019-08-26,
양의지,NC,16,2019-08-27,
양의지,NC,16,2019-08-28,
양의지,NC,16,2019-08-29,
양의지,NC,17,2019-08-30,1
양의지,NC,17,2019-08-31,
양의지,NC,17,2019-09-01,
양의지,NC,17,2019-09-02,
양의지,NC,17,2019-09-03,
양의지,NC,17,2019-09-04,
양의지,NC,17,2019-09-05,
양의지,NC,17,2019-09-06,
양의지,NC,18,2019-09-07,1
양의지,NC,18,2019-09-08,
양의지,NC,18,2019-09-09,
양의지,NC,18,2019-09-10,
양의지,NC,18,2019-09-11,
양의지,NC,18,2019-09-12,
양의지,NC,18,2019-09-13,
양의지,NC,18,2019-09-14,
양의지,NC,18,2019-09-15,
양의지,NC,18,2019-09-16,
양의지,NC,19,2019-09-17,1
양의지,NC,19,2019-09-18,
양의지,NC,20,2019-09-19,1
양의지,NC,20,2019-09-20,
양의지,NC,20,2019-09-21,
양의지,NC,20,2019-09-22,
양의지,NC,20,2019-09-23,
양의지,NC,20,2019-09-24,
양의지,NC,20,2019-09-25,
양의지,NC,20,2019-09-26,
양의지,NC,20,2019-09-27,
양의지,NC,20,2019-09-28,
양의지,NC,20,2019-09-29,
양의지,NC,20,2019-09-30,
양의지,NC,20,2019-10-01,
김하성,키움,1,2019-03-23,1
김하성,키움,1,2019-03-24,
김하성,키움,1,2019-03-25,
김하성,키움,1,2019-03-26,
김하성,키움,1,2019-03-27,
김하성,키움,1,2019-03-28,
김하성,키움,1,2019-03-29,
김하성,키움,1,2019-03-30,
김하성,키움,1,2019-03-31,
김하성,키움,1,2019-04-01,
김하성,키움,1,2019-04-02,
김하성,키움,1,2019-04-03,
김하성,키움,1,2019-04-04,
김하성,키움,1,2019-04-05,
김하성,키움,1,2019-04-06,
김하성,키움,1,2019-04-07,
김하성,키움,1,2019-04-08,
김하성,키움,1,2019-04-09,
김하성,키움,1,2019-04-10,
김하성,키움,1,2019-04-11,
김하성,키움,1,2019-04-12,
김하성,키움,1,2019-04-13,
김하성,키움,1,2019-04-14,
김하성,키움,1,2019-04-15,
김하성,키움,1,2019-04-16,
김하성,키움,1,2019-04-17,
김하성,키움,1,2019-04-18,
김하성,키움,1,2019-04-19,
김하성,키움,1,2019-04-20,
김하성,키움,1,2019-04-21,
김하성,키움,1,2019-04-22,
김하성,키움,1,2019-04-23,
김하성,키움,1,2019-04-24,
김하성,키움,1,2019-04-25,
김하성,키움,1,2019-04-26,
김하성,키움,2,2019-04-27,1
김하성,키움,2,2019-04-28,
김하성,키움,2,2019-04-29,
김하성,키움,2,2019-04-30,
김하성,키움,2,2019-05-01,
김하성,키움,2,2019-05-02,
김하성,키움,2,2019-05-03,
김하성,키움,2,2019-05-04,
김하성,키움,2,2019-05-05,
김하성,키움,2,2019-05-06,
김하성,키움,2,2019-05-07,
김하성,키움,3,2019-05-08,1
김하성,키움,3,2019-05-09,
김하성,키움,3,2019-05-10,
김하성,키움,3,2019-05-11,
김하성,키움,4,2019-05-12,1
김하성,키움,4,2019-05-13,
김하성,키움,4,2019-05-14,
김하성,키움,4,2019-05-15,
김하성,키움,4,2019-05-16,
김하성,키움,4,2019-05-17,
김하성,키움,5,2019-05-18,1
김하성,키움,6,2019-05-19,1
김하성,키움,6,2019-05-20,
김하성,키움,6,2019-05-21,
김하성,키움,6,2019-05-22,
김하성,키움,7,2019-05-23,1
김하성,키움,7,2019-05-24,
김하성,키움,7,2019-05-25,
김하성,키움,7,2019-05-26,
김하성,키움,7,2019-05-27,
김하성,키움,7,2019-05-28,
김하성,키움,7,2019-05-29,
김하성,키움,7,2019-05-30,
김하성,키움,7,2019-05-31,
김하성,키움,7,2019-06-01,
김하성,키움,7,2019-06-02,
김하성,키움,7,2019-06-03,
김하성,키움,7,2019-06-04,
김하성,키움,7,2019-06-05,
김하성,키움,8,2019-06-06,1
김하성,키움,8,2019-06-07,
김하성,키움,8,2019-06-08,
김하성,키움,8,2019-06-09,
김하성,키움,8,2019-06-10,
김하성,키움,9,2019-06-11,1
김하성,키움,9,2019-06-12,
김하성,키움,9,2019-06-13,
김하성,키움,9,2019-06-14,
김하성,키움,10,2019-06-15,1
김하성,키움,10,2019-06-16,
김하성,키움,10,2019-06-17,
김하성,키움,10,2019-06-18,
김하성,키움,11,2019-06-19,1
김하성,키움,11,2019-06-20,
김하성,키움,11,2019-06-21,
김하성,키움,11,2019-06-22,
김하성,키움,11,2019-06-23,
김하성,키움,11,2019-06-24,
김하성,키움,11,2019-06-25,
김하성,키움,11,2019-06-26,
김하성,키움,12,2019-06-27,1
김하성,키움,12,2019-06-28,
김하성,키움,12,2019-06-29,
김하성,키움,13,2019-06-30,1
김하성,키움,13,2019-07-01,
김하성,키움,13,2019-07-02,
김하성,키움,13,2019-07-03,
김하성,키움,13,2019-07-04,
김하성,키움,13,2019-07-05,
김하성,키움,13,2019-07-06,
김하성,키움,13,2019-07-07,
김하성,키움,13,2019-07-08,
김하성,키움,13,2019-07-09,
김하성,키움,13,2019-07-10,
김하성,키움,13,2019-07-11,
김하성,키움,13,2019-07-12,
김하성,키움,14,2019-07-13,1
김하성,키움,14,2019-07-14,
김하성,키움,14,2019-07-15,
김하성,키움,14,2019-07-16,
김하성,키움,14,2019-07-17,
김하성,키움,14,2019-07-18,
김하성,키움,14,2019-07-19,
김하성,키움,14,2019-07-20,
김하성,키움,14,2019-07-21,
김하성,키움,14,2019-07-22,
김하성,키움,14,2019-07-23,
김하성,키움,14,2019-07-24,
김하성,키움,14,2019-07-25,
김하성,키움,14,2019-07-26,
김하성,키움,14,2019-07-27,
김하성,키움,14,2019-07-28,
김하성,키움,14,2019-07-29,
김하성,키움,14,2019-07-30,
김하성,키움,14,2019-07-31,
김하성,키움,14,2019-08-01,
김하성,키움,14,2019-08-02,
김하성,키움,14,2019-08-03,
김하성,키움,14,2019-08-04,
김하성,키움,14,2019-08-05,
김하성,키움,14,2019-08-06,
김하성,키움,15,2019-08-07,1
김하성,키움,15,2019-08-08,
김하성,키움,15,2019-08-09,
김하성,키움,15,2019-08-10,
김하성,키움,15,2019-08-11,
김하성,키움,15,2019-08-12,
김하성,키움,15,2019-08-13,
김하성,키움,15,2019-08-14,
김하성,키움,15,2019-08-15,
김하성,키움,15,2019-08-16,
김하성,키움,15,2019-08-17,
김하성,키움,17,2019-08-18,2
김하성,키움,17,2019-08-19,
김하성,키움,17,2019-08-20,
김하성,키움,17,2019-08-21,
김하성,키움,17,2019-08-22,
김하성,키움,17,2019-08-23,
김하성,키움,17,2019-08-24,
김하성,키움,18,2019-08-25,1
김하성,키움,18,2019-08-26,
김하성,키움,18,2019-08-27,
김하성,키움,18,2019-08-28,
김하성,키움,18,2019-08-29,
김하성,키움,18,2019-08-30,
김하성,키움,18,2019-08-31,
김하성,키움,18,2019-09-01,
김하성,키움,18,2019-09-02,
김하성,키움,18,2019-09-03,
김하성,키움,18,2019-09-04,
김하성,키움,18,2019-09-05,
김하성,키움,18,2019-09-06,
김하성,키움,18,2019-09-07,
김하성,키움,18,2019-09-08,
김하성,키움,18,2019-09-09,
김하성,키움,18,2019-09-10,
김하성,키움,18,2019-09-11,
김하성,키움,18,2019-09-12,
김하성,키움,18,2019-09-13,
김하성,키움,18,2019-09-14,
김하성,키움,18,2019-09-15,
김하성,키움,18,2019-09-16,
김하성,키움,18,2019-09-17,
김하성,키움,18,2019-09-18,
김하성,키움,18,2019-09-19,
김하성,키움,19,2019-09-20,1
김하성,키움,19,2019-09-21,
김하성,키움,19,2019-09-22,
김하성,키움,19,2019-09-23,
김하성,키움,19,2019-09-24,
김하성,키움,19,2019-09-25,
김하성,키움,19,2019-09-26,
김하성,키움,19,2019-09-27,
김하성,키움,19,2019-09-28,
김하성,키움,19,2019-09-29,
김하성,키움,19,2019-09-30,
김하성,키움,19,2019-10-01,
이원석,삼성,0,2019-03-23,
이원석,삼성,0,2019-03-24,0
이원석,삼성,0,2019-03-25,
이원석,삼성,0,2019-03-26,
이원석,삼성,0,2019-03-27,
이원석,삼성,0,2019-03-28,
이원석,삼성,0,2019-03-29,
이원석,삼성,0,2019-03-30,
이원석,삼성,0,2019-03-31,
이원석,삼성,0,2019-04-01,
이원석,삼성,0,2019-04-02,
이원석,삼성,1,2019-04-03,1
이원석,삼성,1,2019-04-04,
이원석,삼성,1,2019-04-05,
이원석,삼성,1,2019-04-06,
이원석,삼성,1,2019-04-07,
이원석,삼성,1,2019-04-08,
이원석,삼성,1,2019-04-09,
이원석,삼성,1,2019-04-10,
이원석,삼성,2,2019-04-11,1
이원석,삼성,2,2019-04-12,
이원석,삼성,2,2019-04-13,
이원석,삼성,3,2019-04-14,1
이원석,삼성,3,2019-04-15,
이원석,삼성,3,2019-04-16,
이원석,삼성,4,2019-04-17,1
이원석,삼성,4,2019-04-18,
이원석,삼성,6,2019-04-19,2
이원석,삼성,6,2019-04-20,
이원석,삼성,6,2019-04-21,
이원석,삼성,6,2019-04-22,
이원석,삼성,6,2019-04-23,
이원석,삼성,6,2019-04-24,
이원석,삼성,6,2019-04-25,
이원석,삼성,6,2019-04-26,
이원석,삼성,6,2019-04-27,
이원석,삼성,6,2019-04-28,
이원석,삼성,6,2019-04-29,
이원석,삼성,6,2019-04-30,
이원석,삼성,6,2019-05-01,
이원석,삼성,6,2019-05-02,
이원석,삼성,7,2019-05-03,1
이원석,삼성,7,2019-05-04,
이원석,삼성,7,2019-05-05,
이원석,삼성,7,2019-05-06,
이원석,삼성,8,2019-05-07,1
이원석,삼성,8,2019-05-08,
이원석,삼성,8,2019-05-09,
이원석,삼성,8,2019-05-10,
이원석,삼성,8,2019-05-11,
이원석,삼성,8,2019-05-12,
이원석,삼성,8,2019-05-13,
이원석,삼성,8,2019-05-14,
이원석,삼성,8,2019-05-15,
이원석,삼성,8,2019-05-16,
이원석,삼성,8,2019-05-17,
이원석,삼성,8,2019-05-18,
이원석,삼성,8,2019-05-19,
이원석,삼성,8,2019-05-20,
이원석,삼성,8,2019-05-21,
이원석,삼성,8,2019-05-22,
이원석,삼성,8,2019-05-23,
이원석,삼성,8,2019-05-24,
이원석,삼성,8,2019-05-25,
이원석,삼성,8,2019-05-26,
이원석,삼성,8,2019-05-27,
이원석,삼성,8,2019-05-28,
이원석,삼성,8,2019-05-29,
이원석,삼성,8,2019-05-30,
이원석,삼성,8,2019-05-31,
이원석,삼성,8,2019-06-01,
이원석,삼성,8,2019-06-02,
이원석,삼성,8,2019-06-03,
이원석,삼성,8,2019-06-04,
이원석,삼성,8,2019-06-05,
이원석,삼성,8,2019-06-06,
이원석,삼성,8,2019-06-07,
이원석,삼성,8,2019-06-08,
이원석,삼성,8,2019-06-09,
이원석,삼성,8,2019-06-10,
이원석,삼성,8,2019-06-11,
이원석,삼성,8,2019-06-12,
이원석,삼성,8,2019-06-13,
이원석,삼성,8,2019-06-14,
이원석,삼성,8,2019-06-15,
이원석,삼성,8,2019-06-16,
이원석,삼성,8,2019-06-17,
이원석,삼성,8,2019-06-18,
이원석,삼성,8,2019-06-19,
이원석,삼성,8,2019-06-20,
이원석,삼성,8,2019-06-21,
이원석,삼성,8,2019-06-22,
이원석,삼성,8,2019-06-23,
이원석,삼성,8,2019-06-24,
이원석,삼성,9,2019-06-25,1
이원석,삼성,9,2019-06-26,
이원석,삼성,9,2019-06-27,
이원석,삼성,9,2019-06-28,
이원석,삼성,9,2019-06-29,
이원석,삼성,10,2019-06-30,1
이원석,삼성,10,2019-07-01,
이원석,삼성,10,2019-07-02,
이원석,삼성,10,2019-07-03,
이원석,삼성,10,2019-07-04,
이원석,삼성,10,2019-07-05,
이원석,삼성,10,2019-07-06,
이원석,삼성,10,2019-07-07,
이원석,삼성,10,2019-07-08,
이원석,삼성,10,2019-07-09,
이원석,삼성,10,2019-07-10,
이원석,삼성,11,2019-07-11,1
이원석,삼성,11,2019-07-12,
이원석,삼성,11,2019-07-13,
이원석,삼성,11,2019-07-14,
이원석,삼성,11,2019-07-15,
이원석,삼성,11,2019-07-16,
이원석,삼성,11,2019-07-17,
이원석,삼성,11,2019-07-18,
이원석,삼성,11,2019-07-19,
이원석,삼성,11,2019-07-20,
이원석,삼성,11,2019-07-21,
이원석,삼성,11,2019-07-22,
이원석,삼성,11,2019-07-23,
이원석,삼성,11,2019-07-24,
이원석,삼성,11,2019-07-25,
이원석,삼성,11,2019-07-26,
이원석,삼성,12,2019-07-27,1
이원석,삼성,13,2019-07-28,1
이원석,삼성,13,2019-07-29,
이원석,삼성,13,2019-07-30,
이원석,삼성,15,2019-07-31,2
이원석,삼성,15,2019-08-01,
이원석,삼성,15,2019-08-02,
이원석,삼성,16,2019-08-03,1
이원석,삼성,16,2019-08-04,
이원석,삼성,16,2019-08-05,
이원석,삼성,16,2019-08-06,
이원석,삼성,17,2019-08-07,1
이원석,삼성,17,2019-08-08,
이원석,삼성,17,2019-08-09,
이원석,삼성,17,2019-08-10,
이원석,삼성,18,2019-08-11,1
이원석,삼성,18,2019-08-12,
이원석,삼성,18,2019-08-13,
이원석,삼성,19,2019-08-14,1
이원석,삼성,19,2019-08-15,
이원석,삼성,19,2019-08-16,
이원석,삼성,19,2019-08-17,
이원석,삼성,19,2019-08-18,
이원석,삼성,19,2019-08-19,
이원석,삼성,19,2019-08-20,
이원석,삼성,19,2019-08-21,
이원석,삼성,19,2019-08-22,
이원석,삼성,19,2019-08-23,
이원석,삼성,19,2019-08-24,
이원석,삼성,19,2019-08-25,
이원석,삼성,19,2019-08-26,
이원석,삼성,19,2019-08-27,
이원석,삼성,19,2019-08-28,
이원석,삼성,19,2019-08-29,
이원석,삼성,19,2019-08-30,
이원석,삼성,19,2019-08-31,
이원석,삼성,19,2019-09-01,
이원석,삼성,19,2019-09-02,
이원석,삼성,19,2019-09-03,
이원석,삼성,19,2019-09-04,
이원석,삼성,19,2019-09-05,
이원석,삼성,19,2019-09-06,
이원석,삼성,19,2019-09-07,
이원석,삼성,19,2019-09-08,
이원석,삼성,19,2019-09-09,
이원석,삼성,19,2019-09-10,
이원석,삼성,19,2019-09-11,
이원석,삼성,19,2019-09-12,
이원석,삼성,19,2019-09-13,
이원석,삼성,19,2019-09-14,
이원석,삼성,19,2019-09-15,
이원석,삼성,19,2019-09-16,
이원석,삼성,19,2019-09-17,
이원석,삼성,19,2019-09-18,
이원석,삼성,19,2019-09-19,
이원석,삼성,19,2019-09-20,
이원석,삼성,19,2019-09-21,
이원석,삼성,19,2019-09-22,
이원석,삼성,19,2019-09-23,
이원석,삼성,19,2019-09-24,
이원석,삼성,19,2019-09-25,
이원석,삼성,19,2019-09-26,
이원석,삼성,19,2019-09-27,
이원석,삼성,19,2019-09-28,
이원석,삼성,19,2019-09-29,
이원석,삼성,19,2019-09-30,
이원석,삼성,19,2019-10-01,
박석민,NC,0,2019-03-23,
박석민,NC,0,2019-03-24,
박석민,NC,0,2019-03-25,
박석민,NC,1,2019-03-26,1
박석민,NC,1,2019-03-27,
박석민,NC,1,2019-03-28,
박석민,NC,1,2019-03-29,
박석민,NC,1,2019-03-30,
박석민,NC,2,2019-03-31,1
박석민,NC,2,2019-04-01,
박석민,NC,2,2019-04-02,
박석민,NC,3,2019-04-03,1
박석민,NC,3,2019-04-04,
박석민,NC,3,2019-04-05,
박석민,NC,3,2019-04-06,
박석민,NC,3,2019-04-07,
박석민,NC,3,2019-04-08,
박석민,NC,3,2019-04-09,
박석민,NC,3,2019-04-10,
박석민,NC,3,2019-04-11,
박석민,NC,3,2019-04-12,
박석민,NC,4,2019-04-13,1
박석민,NC,5,2019-04-14,1
박석민,NC,5,2019-04-15,
박석민,NC,5,2019-04-16,
박석민,NC,5,2019-04-17,
박석민,NC,5,2019-04-18,
박석민,NC,5,2019-04-19,
박석민,NC,5,2019-04-20,
박석민,NC,5,2019-04-21,
박석민,NC,5,2019-04-22,
박석민,NC,5,2019-04-23,
박석민,NC,5,2019-04-24,
박석민,NC,5,2019-04-25,
박석민,NC,5,2019-04-26,
박석민,NC,5,2019-04-27,
박석민,NC,5,2019-04-28,
박석민,NC,5,2019-04-29,
박석민,NC,5,2019-04-30,
박석민,NC,5,2019-05-01,
박석민,NC,6,2019-05-02,1
박석민,NC,6,2019-05-03,
박석민,NC,6,2019-05-04,
박석민,NC,6,2019-05-05,
박석민,NC,6,2019-05-06,
박석민,NC,6,2019-05-07,
박석민,NC,6,2019-05-08,
박석민,NC,6,2019-05-09,
박석민,NC,7,2019-05-10,1
박석민,NC,7,2019-05-11,
박석민,NC,7,2019-05-12,
박석민,NC,7,2019-05-13,
박석민,NC,7,2019-05-14,
박석민,NC,7,2019-05-15,
박석민,NC,7,2019-05-16,
박석민,NC,7,2019-05-17,
박석민,NC,7,2019-05-18,
박석민,NC,7,2019-05-19,
박석민,NC,7,2019-05-20,
박석민,NC,7,2019-05-21,
박석민,NC,7,2019-05-22,
박석민,NC,7,2019-05-23,
박석민,NC,7,2019-05-24,
박석민,NC,7,2019-05-25,
박석민,NC,7,2019-05-26,
박석민,NC,7,2019-05-27,
박석민,NC,7,2019-05-28,
박석민,NC,8,2019-05-29,1
박석민,NC,8,2019-05-30,
박석민,NC,8,2019-05-31,
박석민,NC,8,2019-06-01,
박석민,NC,8,2019-06-02,
박석민,NC,8,2019-06-03,
박석민,NC,8,2019-06-04,
박석민,NC,8,2019-06-05,
박석민,NC,8,2019-06-06,
박석민,NC,8,2019-06-07,
박석민,NC,8,2019-06-08,
박석민,NC,8,2019-06-09,
박석민,NC,8,2019-06-10,
박석민,NC,8,2019-06-11,
박석민,NC,8,2019-06-12,
박석민,NC,8,2019-06-13,
박석민,NC,9,2019-06-14,1
박석민,NC,9,2019-06-15,
박석민,NC,9,2019-06-16,
박석민,NC,9,2019-06-17,
박석민,NC,9,2019-06-18,
박석민,NC,9,2019-06-19,
박석민,NC,9,2019-06-20,
박석민,NC,9,2019-06-21,
박석민,NC,9,2019-06-22,
박석민,NC,9,2019-06-23,
박석민,NC,9,2019-06-24,
박석민,NC,9,2019-06-25,
박석민,NC,9,2019-06-26,
박석민,NC,9,2019-06-27,
박석민,NC,9,2019-06-28,
박석민,NC,9,2019-06-29,
박석민,NC,9,2019-06-30,
박석민,NC,9,2019-07-01,
박석민,NC,10,2019-07-02,1
박석민,NC,10,2019-07-03,
박석민,NC,10,2019-07-04,
박석민,NC,11,2019-07-05,1
박석민,NC,11,2019-07-06,
박석민,NC,11,2019-07-07,
박석민,NC,11,2019-07-08,
박석민,NC,11,2019-07-09,
박석민,NC,11,2019-07-10,
박석민,NC,11,2019-07-11,
박석민,NC,12,2019-07-12,1
박석민,NC,13,2019-07-13,1
박석민,NC,13,2019-07-14,
박석민,NC,13,2019-07-15,
박석민,NC,13,2019-07-16,
박석민,NC,14,2019-07-17,1
박석민,NC,14,2019-07-18,
박석민,NC,14,2019-07-19,
박석민,NC,14,2019-07-20,
박석민,NC,14,2019-07-21,
박석민,NC,14,2019-07-22,
박석민,NC,14,2019-07-23,
박석민,NC,14,2019-07-24,
박석민,NC,14,2019-07-25,
박석민,NC,15,2019-07-26,1
박석민,NC,15,2019-07-27,
박석민,NC,15,2019-07-28,
박석민,NC,15,2019-07-29,
박석민,NC,15,2019-07-30,
박석민,NC,16,2019-07-31,1
박석민,NC,16,2019-08-01,
박석민,NC,16,2019-08-02,
박석민,NC,16,2019-08-03,
박석민,NC,16,2019-08-04,
박석민,NC,16,2019-08-05,
박석민,NC,16,2019-08-06,
박석민,NC,17,2019-08-07,1
박석민,NC,17,2019-08-08,
박석민,NC,17,2019-08-09,
박석민,NC,17,2019-08-10,
박석민,NC,17,2019-08-11,
박석민,NC,17,2019-08-12,
박석민,NC,17,2019-08-13,
박석민,NC,17,2019-08-14,
박석민,NC,17,2019-08-15,
박석민,NC,17,2019-08-16,
박석민,NC,17,2019-08-17,
박석민,NC,17,2019-08-18,
박석민,NC,17,2019-08-19,
박석민,NC,17,2019-08-20,
박석민,NC,17,2019-08-21,
박석민,NC,17,2019-08-22,
박석민,NC,17,2019-08-23,
박석민,NC,18,2019-08-24,1
박석민,NC,18,2019-08-25,
박석민,NC,18,2019-08-26,
박석민,NC,18,2019-08-27,
박석민,NC,18,2019-08-28,
박석민,NC,18,2019-08-29,
박석민,NC,18,2019-08-30,
박석민,NC,18,2019-08-31,
박석민,NC,18,2019-09-01,
박석민,NC,18,2019-09-02,
박석민,NC,18,2019-09-03,
박석민,NC,18,2019-09-04,
박석민,NC,18,2019-09-05,
박석민,NC,18,2019-09-06,
박석민,NC,18,2019-09-07,
박석민,NC,18,2019-09-08,
박석민,NC,18,2019-09-09,
박석민,NC,18,2019-09-10,
박석민,NC,18,2019-09-11,
박석민,NC,18,2019-09-12,
박석민,NC,18,2019-09-13,
박석민,NC,18,2019-09-14,
박석민,NC,19,2019-09-15,1
박석민,NC,19,2019-09-16,
박석민,NC,19,2019-09-17,
박석민,NC,19,2019-09-18,
박석민,NC,19,2019-09-19,
박석민,NC,19,2019-09-20,
박석민,NC,19,2019-09-21,
박석민,NC,19,2019-09-22,
박석민,NC,19,2019-09-23,
박석민,NC,19,2019-09-24,
박석민,NC,19,2019-09-25,
박석민,NC,19,2019-09-26,
박석민,NC,19,2019-09-27,
박석민,NC,19,2019-09-28,
박석민,NC,19,2019-09-29,
박석민,NC,19,2019-09-30,
박석민,NC,19,2019-10-01,
